date,coin,price,volume,market_cap
2024-12-02T00:00:00Z,BITCOIN,97311.70719084324,49147687432.565895,1925808416477.5068
2024-12-03T00:00:00Z,BITCOIN,95833.1362300365,101019861361.49252,1896576914275.523
2024-12-04T00:00:00Z,BITCOIN,96031.63097759831,87935752287.975,1900922167493.3643
2024-12-05T00:00:00Z,BITCOIN,98881.4694561823,98230784298.0459,1957276192604.2603
2024-12-06T00:00:00Z,BITCOIN,97201.50036407741,190460293531.53802,1920742551503.6094
2024-12-07T00:00:00Z,BITCOIN,99973.85150659826,115812632020.44765,1978389972043.7947
2024-12-08T00:00:00Z,BITCOIN,99781.82999198174,61061136199.7846,1974739091620.7542
2024-12-09T00:00:00Z,BITCOIN,101235.3717025316,62677764785.05408,2003238967638.8286
2024-12-10T00:00:00Z,BITCOIN,97353.94700820887,146846843211.51685,1926047690157.6282
2024-12-11T00:00:00Z,BITCOIN,96649.71446771531,125835977742.51114,1913115778728.2837
2024-12-12T00:00:00Z,BITCOIN,101123.61811033697,118484957960.76833,2001746436338.842
2024-12-13T00:00:00Z,BITCOIN,100000.80836535197,100092043319.81221,1979166149963.3093
2024-12-14T00:00:00Z,BITCOIN,101352.22971292294,78802903278.85962,2005406021235.8357
2024-12-15T00:00:00Z,BITCOIN,101367.01064553364,57321924844.41535,2007646386698.8667
2024-12-16T00:00:00Z,BITCOIN,104721.50151808978,70645074624.52869,2075487816560.1924
2024-12-17T00:00:00Z,BITCOIN,106074.10723541168,115184737759.33566,2097460193710.789
2024-12-18T00:00:00Z,BITCOIN,106034.913402645,93417826250.1972,2100629850064.9119
2024-12-19T00:00:00Z,BITCOIN,100355.5761481501,113692025885.44745,1985284833093.572
2024-12-20T00:00:00Z,BITCOIN,97851.35377075805,100611554887.24123,1937022229972.2085
2024-12-21T00:00:00Z,BITCOIN,97691.43431692653,112340864006.62827,1932373308116.0107
2024-12-22T00:00:00Z,BITCOIN,97202.82496847633,53058382639.48845,1922768195068.165
2024-12-23T00:00:00Z,BITCOIN,95094.27394862173,44619017105.36954,1884599149192.4587
2024-12-24T00:00:00Z,BITCOIN,94644.91085464321,64937790292.61125,1874912975786.6604
2024-12-25T00:00:00Z,BITCOIN,98695.71400782601,49169088282.15742,1951173788529.116
2024-12-26T00:00:00Z,BITCOIN,99344.95417367229,33963749856.44743,1966481159354.1177
2024-12-27T00:00:00Z,BITCOIN,95678.31244565405,45049342388.18843,1894744251986.1084
2024-12-28T00:00:00Z,BITCOIN,94331.94727053077,41498540807.666954,1867708753554.924
2024-12-29T00:00:00Z,BITCOIN,95184.61945288602,22429850903.940086,1885556552231.4314
2024-12-30T00:00:00Z,BITCOIN,93663.44751964067,24065314499.502274,1854872605738.8086
2024-12-31T00:00:00Z,BITCOIN,92627.28213113277,57595164139.4709,1833188187477.531
2025-01-01T00:00:00Z,BITCOIN,93507.85874741491,45327464907.74362,1851839954625.13
2025-01-02T00:00:00Z,BITCOIN,94384.1761153871,23275007789.496334,1869193319140.2422
2025-01-03T00:00:00Z,BITCOIN,96852.14681235075,45157338602.617516,1917905016063.62
2025-01-04T00:00:00Z,BITCOIN,98084.34279280754,35721645948.10051,1942834829349.9563
2025-01-05T00:00:00Z,BITCOIN,98256.73876849933,20979035420.980793,1946611205641.351
2025-01-06T00:00:00Z,BITCOIN,98364.58946599838,20060293834.7155,1948339898718.8586
2025-01-07T00:00:00Z,BITCOIN,102229.39453189743,46111387334.46171,2024825178619.8228
2025-01-08T00:00:00Z,BITCOIN,96952.09886774956,60610257147.15405,1919133187081.3127
2025-01-09T00:00:00Z,BITCOIN,95016.71440989176,65790469838.34392,1885313354913.7239
2025-01-10T00:00:00Z,BITCOIN,92376.27578346101,65850881574.76184,1832933628117.9436
2025-01-11T00:00:00Z,BITCOIN,94736.6267420969,63433655716.757095,1876836759923.398
2025-01-12T00:00:00Z,BITCOIN,94559.55167224213,17836423168.41627,1874286243377.8525
2025-01-13T00:00:00Z,BITCOIN,94454.77089638807,19608932595.53299,1870314882306.9236
2025-01-14T00:00:00Z,BITCOIN,94456.3493746993,76328330233.31137,1870609367804.8223
2025-01-15T00:00:00Z,BITCOIN,96574.07768799194,51241728228.81719,1912603332624.1123
2025-01-16T00:00:00Z,BITCOIN,100313.15239828422,57637319739.543396,1986831430651.8647
2025-01-17T00:00:00Z,BITCOIN,100044.57926776377,50150102497.2729,1980935754458.284
2025-01-18T00:00:00Z,BITCOIN,104160.69358484233,69135117732.00064,2063854663834.0774
2025-01-19T00:00:00Z,BITCOIN,104334.61575724394,49416447749.13053,2067151195362.0425
2025-01-20T00:00:00Z,BITCOIN,101275.33714814208,72970313683.92325,2014842808849.5005
2025-01-21T00:00:00Z,BITCOIN,101764.90860170545,120158523166.88387,2017837068202.1384
2025-01-22T00:00:00Z,BITCOIN,106182.2368201815,95344290057.8965,2098829000928.49
2025-01-23T00:00:00Z,BITCOIN,103673.53509537787,55030669602.56557,2054288661793.9773
2025-01-24T00:00:00Z,BITCOIN,104067.60991206947,102455227371.20761,2062360759045
2025-01-25T00:00:00Z,BITCOIN,104835.19253555956,51418786362.7815,2076156720642.786
2025-01-26T00:00:00Z,BITCOIN,104796.04077738234,22740744964.719296,2077647817531.3406
2025-01-27T00:00:00Z,BITCOIN,102552.24874280207,20639818380.26942,2036324005947.406
2025-01-28T00:00:00Z,BITCOIN,101958.46953745594,93191643783.24739,2019295541213.5288
2025-01-29T00:00:00Z,BITCOIN,101313.11264498268,45780526813.56264,2007072201507.5273
2025-01-30T00:00:00Z,BITCOIN,103718.97939813645,47425401641.53094,2056581551171.7
2025-01-31T00:00:00Z,BITCOIN,104781.5135100103,42122570869.034325,2076760153260.6191
2025-02-01T00:00:00Z,BITCOIN,102382.39409722165,37187819228.35328,2028504133577.489
2025-02-02T00:00:00Z,BITCOIN,100674.78762544956,22827776122.48367,1996423711261.7268
2025-02-03T00:00:00Z,BITCOIN,97568.31653024875,59784234332.21204,1933691439792.2544
2025-02-04T00:00:00Z,BITCOIN,101466.8606657039,122163969235.23686,2011121374511.8835
2025-02-05T00:00:00Z,BITCOIN,98118.43921664466,73196693057.98114,1943535291172.1597
2025-02-06T00:00:00Z,BITCOIN,96582.88682919052,48848958931.79228,1912584628590.309
2025-02-07T00:00:00Z,BITCOIN,96635.41875332211,44462180396.172516,1915093756057.5637
2025-02-08T00:00:00Z,BITCOIN,96558.4563096667,57077722340.22422,1911296376425.356
2025-02-09T00:00:00Z,BITCOIN,96558.23762501091,20760850644.84597,1914211835440.1182
2025-02-10T00:00:00Z,BITCOIN,96548.57865379585,25457107581.051964,1913068773356.083
2025-02-11T00:00:00Z,BITCOIN,97399.98161383197,37054987393.57789,1930742951090.367
2025-02-12T00:00:00Z,BITCOIN,95739.97737079239,36454577154.5622,1898788887978.3252
2025-02-13T00:00:00Z,BITCOIN,97836.18856127483,47115618235.19051,1936842454813.9983
2025-02-14T00:00:00Z,BITCOIN,96561.6639990985,29084371910.690556,1914315097486.3862
2025-02-15T00:00:00Z,BITCOIN,97488.48148536457,32289906944.92862,1931656846871.4856
2025-02-16T00:00:00Z,BITCOIN,97569.95169430465,14215311318.346336,1934308378710.2861
2025-02-17T00:00:00Z,BITCOIN,96149.3484548204,13634794998.739267,1905012222220.3691
2025-02-18T00:00:00Z,BITCOIN,95776.15723852723,25324374113.08163,1898997753781.9536
2025-02-19T00:00:00Z,BITCOIN,95495.89153299287,38311133144.729355,1892702154844.508
2025-02-20T00:00:00Z,BITCOIN,96554.87156259285,27703222487.389572,1914337919659.5537
2025-02-21T00:00:00Z,BITCOIN,98384.31738240314,24175261969.81266,1950376106325.3228
2025-02-22T00:00:00Z,BITCOIN,96135.15541305285,42477472950.92155,1906058197506.3809
2025-02-23T00:00:00Z,BITCOIN,96564.15414290235,18464415570.762142,1915260330870.798
2025-02-24T00:00:00Z,BITCOIN,96327.46309127835,16643044374.983364,1909625674815.4763
2025-02-25T00:00:00Z,BITCOIN,91396.76686930266,45539703844.38777,1814176779160.4363
2025-02-26T00:00:00Z,BITCOIN,88755.7693356979,96742453402.56294,1759750360550.3337
2025-02-27T00:00:00Z,BITCOIN,83900.11496524839,69277430795.68657,1664314955447.7466
2025-02-28T00:00:00Z,BITCOIN,84709.14477847965,81960688217.70384,1679555320077.2097
2025-03-01T00:00:00Z,BITCOIN,84441.9012237131,80695237175.07367,1674754437110.342
2025-03-02T00:00:00Z,BITCOIN,86005.25629681018,30634474722.6359,1705564098300.8237
2025-03-03T00:00:00Z,BITCOIN,94261.53286538439,61859112550.80991,1868321705444.4878
2025-03-04T00:00:00Z,BITCOIN,86124.71418722175,68715362745.4567,1708198960874.3418
2025-03-05T00:00:00Z,BITCOIN,87310.80531078295,65863356680.42408,1731441668069.6523
2025-03-06T00:00:00Z,BITCOIN,90604.08098523637,51606642859.81411,1797706868227.531
2025-03-07T00:00:00Z,BITCOIN,90001.40087607042,47555759124.64708,1782785866811.654
2025-03-08T00:00:00Z,BITCOIN,86773.33597555371,63216440874.73251,1720436931689.2776
2025-03-09T00:00:00Z,BITCOIN,86142.9833586432,18809360803.37126,1708605516770.228
2025-03-10T00:00:00Z,BITCOIN,80751.13893300897,32013406240.51754,1602073794580.0344
2025-03-11T00:00:00Z,BITCOIN,78783.94057934263,49983692766.22745,1563547150147.7332
2025-03-12T00:00:00Z,BITCOIN,82799.1080292053,56404462275.083046,1642997419531.6057
2025-03-13T00:00:00Z,BITCOIN,83884.24578828987,41782186208.59073,1662502658717.542
2025-03-14T00:00:00Z,BITCOIN,81098.90052436228,32583592654.882656,1608477373718.186
2025-03-15T00:00:00Z,BITCOIN,83971.70916064628,28571483950.074646,1665725559905.8198
2025-03-16T00:00:00Z,BITCOIN,84391.69087647168,10761796127.312485,1674173293916.4658
2025-03-17T00:00:00Z,BITCOIN,82610.61750343916,21638031633.118767,1638672153483.722
2025-03-18T00:00:00Z,BITCOIN,84075.36559694471,19659366246.596867,1667799227887.438
2025-03-19T00:00:00Z,BITCOIN,82780.03048688271,24557570268.85276,1642578274105.806
2025-03-20T00:00:00Z,BITCOIN,86815.44109470697,33871216993.304657,1721565138141.278
2025-03-21T00:00:00Z,BITCOIN,84270.84358966233,27579127651.06656,1672550706502.8184
2025-03-22T00:00:00Z,BITCOIN,84009.532917822,18091004975.919056,1666749159154.2927
2025-03-23T00:00:00Z,BITCOIN,83793.30854192551,7771134681.982918,1662574363663.653
2025-03-24T00:00:00Z,BITCOIN,85787.70914901773,12617587530.619724,1702009594329.4495
2025-03-25T00:00:00Z,BITCOIN,87327.72969669085,27270889835.1835,1732715331970.134
2025-03-26T00:00:00Z,BITCOIN,87520.58391530563,30351832942.705593,1735368473904.4885
2025-03-27T00:00:00Z,BITCOIN,86960.8555491039,25522877558.700558,1724854479045.6724
2025-03-28T00:00:00Z,BITCOIN,87227.27158032371,24620445368.489468,1729729987159.4822
2025-03-29T00:00:00Z,BITCOIN,84359.46915506005,31674486232.097313,1673182800974.1038
2025-03-30T00:00:00Z,BITCOIN,82679.17255385047,16837439419.924389,1640665503855.1438
2025-03-31T00:00:00Z,BITCOIN,82356.38111183756,13428975108.070734,1633996304187.2593
2025-04-01T00:00:00Z,BITCOIN,82514.09365397849,30326148749.91535,1635076581047.3545
2025-04-02T00:00:00Z,BITCOIN,85237.5876052852,29172899851.734768,1690602036035.04
2025-04-03T00:00:00Z,BITCOIN,82526.4221526433,46332905657.77597,1637358764747.381
2025-04-04T00:00:00Z,BITCOIN,83163.98757387721,36594464539.14662,1652537223074.958
2025-04-05T00:00:00Z,BITCOIN,83852.00765399594,35647289400.47406,1664234880198.049
2025-04-06T00:00:00Z,BITCOIN,83595.88550177493,14910400035.531416,1656020067997.187
2025-04-07T00:00:00Z,BITCOIN,78211.48358199988,36140377231.68329,1555325260787.2627
2025-04-08T00:00:00Z,BITCOIN,79179.29226757778,82909748172.59216,1581407565278.352
2025-04-09T00:00:00Z,BITCOIN,76329.090356324,47812787635.22632,1515042499757.3254
2025-04-10T00:00:00Z,BITCOIN,82622.17029546302,87408220482.11568,1640567909122.172
2025-04-11T00:00:00Z,BITCOIN,79596.35732250768,41213520154.25157,1580023209138.0547
2025-04-12T00:00:00Z,BITCOIN,83439.28818043756,39813566443.76779,1655868880454.1702
2025-04-13T00:00:00Z,BITCOIN,85305.09728392666,22428929482.069122,1693600655371.0874
2025-04-14T00:00:00Z,BITCOIN,83600.82010054543,28731125717.934357,1658923208081.8682
2025-04-15T00:00:00Z,BITCOIN,84523.4524914945,33155578229.343513,1677843510120.269
2025-04-16T00:00:00Z,BITCOIN,83656.49248858042,25084671427.622566,1660749023283.0562
2025-04-17T00:00:00Z,BITCOIN,84105.77942167096,26948109141.803364,1670497569762.047
2025-04-18T00:00:00Z,BITCOIN,84930.90857600998,19323821375.14309,1686226810049.1836
2025-04-19T00:00:00Z,BITCOIN,84433.75017215389,9550691272.782005,1676373197914.5117
2025-04-20T00:00:00Z,BITCOIN,85126.66244301842,12635983530.804455,1690090596771.3958
2025-04-21T00:00:00Z,BITCOIN,85073.16544858096,12625843856.313684,1689008667806.3804
2025-04-22T00:00:00Z,BITCOIN,87452.04699068287,40070025414.28289,1735703747771.06
2025-04-23T00:00:00Z,BITCOIN,93576.16588573981,53841992235.36636,1858587811717.8286
2025-04-24T00:00:00Z,BITCOIN,93605.45230873208,39901515879.65954,1858660302322.256
2025-04-25T00:00:00Z,BITCOIN,93872.81422867288,30031246761.093452,1864298110563.3408
2025-04-26T00:00:00Z,BITCOIN,94773.11200643536,39336184715.04292,1882121595175.8462
2025-04-27T00:00:00Z,BITCOIN,94644.06637120107,15445392739.787264,1879131951239.1846
2025-04-28T00:00:00Z,BITCOIN,93809.33781968223,15926259371.057959,1862772247122.064
2025-04-29T00:00:00Z,BITCOIN,95030.60645474444,31913814736.53902,1887067388174.3481
2025-04-30T00:00:00Z,BITCOIN,94256.35946318062,25882629766.278946,1870818389258.4038
2025-05-01T00:00:00Z,BITCOIN,94235.75331048167,26541700309.366146,1871350362569.0933
2025-05-02T00:00:00Z,BITCOIN,96426.94522273027,30207566405.468834,1914884389769.3945
2025-05-03T00:00:00Z,BITCOIN,96855.5681343944,23276376191.483967,1923251765866.1472
2025-05-04T00:00:00Z,BITCOIN,95922.86842404422,13797554863.642815,1904894886394.57
2025-05-05T00:00:00Z,BITCOIN,94326.62048529249,14903122945.616686,1872812442453.0322
2025-05-06T00:00:00Z,BITCOIN,94758.8237105546,24086456278.203846,1882511286487.958
2025-05-07T00:00:00Z,BITCOIN,96854.53198815876,23348052607.071873,1923643840814.599
2025-05-08T00:00:00Z,BITCOIN,97026.49376966801,64376174032.08048,1927134557858.269
2025-05-09T00:00:00Z,BITCOIN,103076.27555512934,50020047720.65604,2047883753852.6929
2025-05-10T00:00:00Z,BITCOIN,102962.54045692299,40800894903.23446,2045046445523.5242
2025-05-11T00:00:00Z,BITCOIN,104630.8792994166,21558992540.042442,2077132539531.3464
2025-05-12T00:00:00Z,BITCOIN,103994.061616746,27389436049.454792,2065659960471.3655
2025-05-13T00:00:00Z,BITCOIN,102876.8304286011,43090605819.36596,2044347271866.1707
2025-05-14T00:00:00Z,BITCOIN,104184.49039270742,33861432519.50822,2069356072124.024
2025-05-15T00:00:00Z,BITCOIN,103594.42575090709,28398245846.798244,2057798367292.5637
2025-05-16T00:00:00Z,BITCOIN,103708.85136423641,31823340473.339912,2060142559914.034
2025-05-17T00:00:00Z,BITCOIN,103556.03493982446,25887953182.14765,2057725640290.0767
2025-05-18T00:00:00Z,BITCOIN,103212.36483885496,18950056010.479057,2050318521477.805
2025-05-19T00:00:00Z,BITCOIN,106030.6376831359,30744060179.802963,2104889720872.8306
2025-05-20T00:00:00Z,BITCOIN,105629.41580436694,43339734153.75087,2098485415895.0496
2025-05-21T00:00:00Z,BITCOIN,106786.71995834043,36393687094.25122,2121778617273.821
2025-05-22T00:00:00Z,BITCOIN,109665.86371625263,60722883113.84,2178838967665.505
2025-05-23T00:00:00Z,BITCOIN,111560.356938144,52218408239.45193,2214712145787.249
2025-05-24T00:00:00Z,BITCOIN,107216.66856870624,49251745837.96465,2131595896624.4407
2025-05-25T00:00:00Z,BITCOIN,107831.36374380375,27128230116.517162,2142540077685.2197
2025-05-26T00:00:00Z,BITCOIN,108861.81037744327,29652659665.048733,2163072841533.6133
2025-05-27T00:00:00Z,BITCOIN,109377.71513263129,27950577137.918888,2173059855839.4187
2025-05-28T00:00:00Z,BITCOIN,109068.45694901445,38978783508.88622,2167551887130.0073
2025-05-29T00:00:00Z,BITCOIN,107838.18431100152,29794278037.284946,2143342706888.307
2025-05-30T00:00:00Z,BITCOIN,105745.41660358038,38279231892.56757,2101348752694.3137
2025-05-31T00:00:00Z,BITCOIN,104010.91956242644,39680060337.610214,2066830946978.0637
2025-06-01T00:00:00Z,BITCOIN,104687.50742934884,20432694555.09522,2080467809295.7695
2025-06-02T00:00:00Z,BITCOIN,105710.00593822816,17721500507.53389,2101178071590.9749
2025-06-03T00:00:00Z,BITCOIN,105884.74263221149,26313843058.73954,2104229403094.936
2025-06-04T00:00:00Z,BITCOIN,105434.47745144971,25925661121.080395,2095294001281.4797
2025-06-05T00:00:00Z,BITCOIN,104812.9182188067,25812143562.797962,2083148839111.2068
2025-06-06T00:00:00Z,BITCOIN,101650.7387545425,39711941132.0234,2020294099992.3677
2025-06-07T00:00:00Z,BITCOIN,104409.74967959142,29897390978.090103,2075175500201.4253
2025-06-08T00:00:00Z,BITCOIN,105681.4546141758,17749731308.73042,2100553336902.5076
2025-06-09T00:00:00Z,BITCOIN,105692.24740699006,16044679696.270103,2100654769399.4705
2025-06-10T00:00:00Z,BITCOIN,110261.57485948496,38222993297.50514,2191877481230.9468
2025-06-11T00:00:00Z,BITCOIN,110212.73252109604,36303839182.734825,2189350055406.3333
2025-06-12T00:00:00Z,BITCOIN,108679.9760916168,30338936631.626648,2159529375273.4956
2025-06-13T00:00:00Z,BITCOIN,105979.22902375912,35865159511.38857,2107911943768.2988
2025-06-14T00:00:00Z,BITCOIN,106045.56440819203,49471015505.74361,2107973087547.7922
2025-06-15T00:00:00Z,BITCOIN,105482.90611628917,17916412455.866283,2097486541223.27
2025-06-16T00:00:00Z,BITCOIN,105554.49383061715,16568441852.649668,2098499110552.6216
2025-06-17T00:00:00Z,BITCOIN,106951.2720181497,32095957011.724205,2127895470544.7178
2025-06-18T00:00:00Z,BITCOIN,104683.42479835715,38603212010.889435,2080968120976.949
2025-06-19T00:00:00Z,BITCOIN,104722.695052907,30339326410.154945,2081677732261.6853
2025-06-20T00:00:00Z,BITCOIN,104690.65002458123,18063282658.152298,2081355279873.408
2025-06-21T00:00:00Z,BITCOIN,103290.105144757,30632751225.407444,2054120245608.2085
2025-06-22T00:00:00Z,BITCOIN,101532.5683847329,21644463198.719532,2017415966695.5278
2025-06-23T00:00:00Z,BITCOIN,100852.58264648831,51287142390.02526,2005179769771.7349
2025-06-24T00:00:00Z,BITCOIN,105511.62437933135,50011797128.6837,2097741233586.5918
2025-06-25T00:00:00Z,BITCOIN,105976.06929808448,31704641076.941063,2107110352429.8032
2025-06-26T00:00:00Z,BITCOIN,107238.53045016268,30468274982.034847,2132141147369.0017
2025-06-27T00:00:00Z,BITCOIN,106984.01253775663,24320699663.15122,2127292099754.93
2025-06-28T00:00:00Z,BITCOIN,107078.91560644074,25194306261.888832,2129020567385.9595
2025-06-29T00:00:00Z,BITCOIN,107331.58548463577,8960877693.57604,2134239999929.6584
2025-06-30T00:00:00Z,BITCOIN,108396.61631317894,14881078675.366829,2155183166489.813
2025-07-01T00:00:00Z,BITCOIN,107132.79910701896,22489515582.41552,2130471589191.581
2025-07-02T00:00:00Z,BITCOIN,105613.39974163055,25033160828.30909,2100087563077.9324
2025-07-03T00:00:00Z,BITCOIN,108824.44423167943,36395184773.06136,2163835371770.0977
2025-07-04T00:00:00Z,BITCOIN,109602.20483914016,29892049537.628605,2179664531219.9346
2025-07-05T00:00:00Z,BITCOIN,108040.8919400104,24248906784.57383,2148601712907.3433
2025-07-06T00:00:00Z,BITCOIN,108217.46849992426,10042942280.966904,2152344091389.654
2025-07-07T00:00:00Z,BITCOIN,109215.19771840284,14638669497.351297,2171497503296.0474
2025-07-08T00:00:00Z,BITCOIN,108300.71675785031,25493246475.80407,2153777588647.4504
2025-07-09T00:00:00Z,BITCOIN,108953.19187727802,20488865138.27645,2167049398056.7417
2025-07-10T00:00:00Z,BITCOIN,111327.53054245669,37078460440.66385,2215210888568.426
2025-07-11T00:00:00Z,BITCOIN,115879.65030112496,56204086624.04028,2303292356999.7437
2025-07-12T00:00:00Z,BITCOIN,117571.02510036016,64185145923.88688,2338612196961.7437
2025-07-13T00:00:00Z,BITCOIN,117418.95745007684,24351256098.393543,2335485977830.673
2025-07-14T00:00:00Z,BITCOIN,119117.55666327637,27310851454.97692,2369050366835.5605
2025-07-15T00:00:00Z,BITCOIN,119833.67446712355,68915956378.80447,2383825813673.847
2025-07-16T00:00:00Z,BITCOIN,117678.19493404306,80299520980.2335,2341223394839.9204
2025-07-17T00:00:00Z,BITCOIN,118748.1627367753,50374263848.76278,2363194640209.576
2025-07-18T00:00:00Z,BITCOIN,119445.36520434043,49282617205.72662,2376237382764.3013
2025-07-19T00:00:00Z,BITCOIN,117988.94664455787,58896449260.69391,2347165317624.536
2025-07-20T00:00:00Z,BITCOIN,117901.62655900871,23934511126.349533,2345398337785.541
2025-07-21T00:00:00Z,BITCOIN,117256.9208222684,36702153882.06748,2333757287859.664
2025-07-22T00:00:00Z,BITCOIN,117482.46977767294,46344384345.39471,2337365497467.1313
2025-07-23T00:00:00Z,BITCOIN,119955.79570607653,58939000420.94166,2387516761560.4927
2025-07-24T00:00:00Z,BITCOIN,118629.05588130427,45225685167.61703,2359931875300.5244
2025-07-25T00:00:00Z,BITCOIN,118354.43517438594,51940414419.3327,2354764508342.9937
2025-07-26T00:00:00Z,BITCOIN,117540.80837085741,91617702596.10347,2338855554998.7812
2025-07-27T00:00:00Z,BITCOIN,117959.54234360624,25145925063.881348,2346959472845.027
2025-07-28T00:00:00Z,BITCOIN,119418.91405141471,30220402191.467663,2376524838793.0137
2025-07-29T00:00:00Z,BITCOIN,118003.30201607826,43433742203.62158,2349472897426.4688
2025-07-30T00:00:00Z,BITCOIN,117853.30892863822,42860287143.68828,2345126504020.1143
2025-07-31T00:00:00Z,BITCOIN,117833.24087995925,43054424656.58649,2343717963709.7124
2025-08-01T00:00:00Z,BITCOIN,115700.00243915782,45238249453.35885,2302199162425.1206
2025-08-02T00:00:00Z,BITCOIN,113234.6051343189,65794680822.25255,2253609880959.403
2025-08-03T00:00:00Z,BITCOIN,112554.90232221723,33543439044.09785,2240413983638.112
2025-08-04T00:00:00Z,BITCOIN,114199.10966460757,24689273719.085533,2272802075267.0376
2025-08-05T00:00:00Z,BITCOIN,115138.68613070177,32488023582.82734,2292395156144.1514
2025-08-06T00:00:00Z,BITCOIN,114128.35408881678,37316213251.97167,2271583255077.356
2025-08-07T00:00:00Z,BITCOIN,115022.09576830892,32052509631.058872,2289295036528.6577
2025-08-08T00:00:00Z,BITCOIN,117463.47451085235,38289687095.00489,2337732858703.5435
2025-08-09T00:00:00Z,BITCOIN,116688.36663186055,33017415812.97353,2323026541073.3213
2025-08-10T00:00:00Z,BITCOIN,116510.08393213755,27638785406.21056,2318815857401.68
2025-08-11T00:00:00Z,BITCOIN,119266.92516880555,37157754754.85189,2374097296837.8896
2025-08-12T00:00:00Z,BITCOIN,118773.79960860992,61739781527.95854,2364060561672.9995
2025-08-13T00:00:00Z,BITCOIN,120202.53485503166,46941089789.57991,2392854421745.6157
2025-08-14T00:00:00Z,BITCOIN,123560.99363577305,61818118105.53991,2458895200752.567
2025-08-15T00:00:00Z,BITCOIN,118405.59579823953,73822008367.99681,2360043737045.272
2025-08-16T00:00:00Z,BITCOIN,117339.79190213277,44268714220.021,2335290383260.173
2025-08-17T00:00:00Z,BITCOIN,117501.21653394958,23202714236.542347,2339465736068.208
2025-08-18T00:00:00Z,BITCOIN,117542.83687778088,20906566026.645443,2340648324181.828
2025-08-19T00:00:00Z,BITCOIN,116256.41276740946,47337926940.98573,2313556987528.4634
2025-08-20T00:00:00Z,BITCOIN,112778.34483555844,46156885037.403885,2245419916215.7417
2025-08-21T00:00:00Z,BITCOIN,114252.39755195397,42166369117.006935,2274471285844.184
2025-08-22T00:00:00Z,BITCOIN,112414.39987336512,32048202090.65466,2238121481749.57
2025-08-23T00:00:00Z,BITCOIN,116834.24948202295,50878158870.82928,2326174803320.612
2025-08-24T00:00:00Z,BITCOIN,115359.98346714744,27306719885.257973,2296786080139.701
2025-08-25T00:00:00Z,BITCOIN,113399.54847314971,40682656776.69001,2259663171125.389
2025-08-26T00:00:00Z,BITCOIN,110185.35443900425,52854872363.936554,2194453712375.598
2025-08-27T00:00:00Z,BITCOIN,111842.70999260596,43023800053.0546,2227025695775.593
2025-08-28T00:00:00Z,BITCOIN,111216.08479629169,36957904262.995804,2215255294289.9937
2025-08-29T00:00:00Z,BITCOIN,112525.59740669793,34222495087.206894,2239422945686.892
2025-08-30T00:00:00Z,BITCOIN,108480.30666639366,51702115726.38959,2160278651486.2852
2025-08-31T00:00:00Z,BITCOIN,108781.95727925687,27799981330.792213,2166165747945.1812
2025-09-01T00:00:00Z,BITCOIN,108253.36092385623,26140904019.246822,2155694976689.5986
2025-09-02T00:00:00Z,BITCOIN,109162.68557992298,42999610648.39302,2174100506466.4321
2025-09-03T00:00:00Z,BITCOIN,111190.18209845416,50235464642.845955,2212595221503.454
2025-09-04T00:00:00Z,BITCOIN,111711.51977725117,36406080683.42747,2225365905592.233
2025-09-05T00:00:00Z,BITCOIN,110724.736377486,38708366685.43147,2204051936301.3257
2025-09-06T00:00:00Z,BITCOIN,110662.18112628513,56020470627.40665,2204045604630.5625
2025-09-07T00:00:00Z,BITCOIN,110209.1888247784,19340758702.076332,2195288669199.568
2025-09-08T00:00:00Z,BITCOIN,111131.9923868407,22147049159.335133,2213764479139.3647
2025-09-09T00:00:00Z,BITCOIN,112025.12878118771,37159847899.8603,2231763512226.867
2025-09-10T00:00:00Z,BITCOIN,111547.43956434788,45338021458.38368,2222026777598.0474
2025-09-11T00:00:00Z,BITCOIN,113975.32489468766,52205187155.05567,2270241314652.7144
2025-09-12T00:00:00Z,BITCOIN,115503.16663193036,43752917632.95067,2299764311655.674
2025-09-13T00:00:00Z,BITCOIN,116160.14344594491,51192951485.864395,2314347371939.946
2025-09-14T00:00:00Z,BITCOIN,115970.58488443034,30063858747.76022,2310166037871.29
2025-09-15T00:00:00Z,BITCOIN,115373.55555886829,26889399414.610912,2297459118244.424
2025-09-16T00:00:00Z,BITCOIN,115397.25272727509,46947581231.08198,2297977599504.5527
2025-09-17T00:00:00Z,BITCOIN,116762.8496864193,39964451595.099724,2325326932460.9644
2025-09-18T00:00:00Z,BITCOIN,116455.94648225319,54740952295.37868,2321583680138.891
2025-09-19T00:00:00Z,BITCOIN,117145.49508952006,43642467075.25838,2333705338232.097
2025-09-20T00:00:00Z,BITCOIN,115655.81046441344,34296721252.33001,2303469041668.8
2025-09-21T00:00:00Z,BITCOIN,115715.51536781774,18774953731.290394,2305371926506.302
2025-09-22T00:00:00Z,BITCOIN,115304.47999407038,18659113982.495464,2297332085237.645
2025-09-23T00:00:00Z,BITCOIN,112696.74101711863,69152342029.46799,2245929069310.8535
2025-09-24T00:00:00Z,BITCOIN,112022.16587861195,46154878824.043465,2232693472656.6514
2025-09-25T00:00:00Z,BITCOIN,113320.56908541008,46677543220.334526,2257741194218.8286
2025-09-26T00:00:00Z,BITCOIN,108963.53013595635,74481796351.47305,2171950311711.4429
2025-09-27T00:00:00Z,BITCOIN,109710.20874667744,55257214020.568245,2185866776171.5464
2025-09-28T00:00:00Z,BITCOIN,109654.81021075726,23294896964.31016,2185203231301.0562
2025-09-29T00:00:00Z,BITCOIN,112142.57362752674,31274654338.51212,2235798877396.134
2025-09-30T00:00:00Z,BITCOIN,114309.15041119447,57833295882.65785,2278362523594.3135
2025-10-01T00:00:00Z,BITCOIN,114024.22783550054,57718901820.70616,2272137555069.4507
2025-10-02T00:00:00Z,BITCOIN,118503.24451752483,69920179085.4708,2359569556068.08
2025-10-03T00:00:00Z,BITCOIN,120611.71911591051,71252850672.75252,2399524207991.5527
2025-10-04T00:00:00Z,BITCOIN,122250.15186842803,83155430408.51796,2436956902844.7153
2025-10-05T00:00:00Z,BITCOIN,122380.93708463266,35161626561.80918,2438832157552.7866
2025-10-06T00:00:00Z,BITCOIN,123506.18520027678,72011486031.26575,2461221856764.1885
2025-10-07T00:00:00Z,BITCOIN,124773.50823074432,69605991064.72382,2486073086655.2866
2025-10-08T00:00:00Z,BITCOIN,121518.75593575071,76087884719.80028,2421938444026.2783
2025-10-09T00:00:00Z,BITCOIN,123352.50487523204,62576032795.36722,2459003621170.118
2025-10-10T00:00:00Z,BITCOIN,121698.03066778315,72097306668.91356,2423288659157.484
2025-10-11T00:00:00Z,BITCOIN,113201.74064138904,151002213089.8765,2265659827789.9917
2025-10-12T00:00:00Z,BITCOIN,110853.11663883903,108643865752.17674,2211404015103.109
2025-10-13T00:00:00Z,BITCOIN,115189.5714637257,93857100744.12454,2294724465036.9785
2025-10-14T00:00:00Z,BITCOIN,115222.28302116522,68935270367.04033,2296863527017.9863
2025-10-15T00:00:00Z,BITCOIN,113156.56943826913,91211854988.91518,2257545230986.0146
2025-10-16T00:00:00Z,BITCOIN,110708.66960879423,68877328886.40259,2207742082237.0483
2025-10-17T00:00:00Z,BITCOIN,108076.72862033188,84773160808.27399,2154964541836.455
2025-10-18T00:00:00Z,BITCOIN,106443.61194984635,94325236794.78163,2123017949517.1426
2025-10-19T00:00:00Z,BITCOIN,107156.00337647724,34412835719.61292,2135575517405.9185
2025-10-20T00:00:00Z,BITCOIN,108621.134857428,45373692612.394394,2165367850075.0042
2025-10-21T00:00:00Z,BITCOIN,110608.5714932665,60452111148.140076,2205571381112.93
2025-10-22T00:00:00Z,BITCOIN,108486.10262716639,105841401713.00197,2162410619417.9114
2025-10-23T00:00:00Z,BITCOIN,107618.4266715404,83996418125.93103,2145773248654.6448
2025-10-24T00:00:00Z,BITCOIN,110048.51827291629,56192643013.57058,2193901841033.9053
2025-10-25T00:00:00Z,BITCOIN,110997.80437129698,49120903424.344864,2213306367536.756
2025-10-26T00:00:00Z,BITCOIN,111620.3093731354,23214874411.212166,2224861052775.0015
2025-10-27T00:00:00Z,BITCOIN,114476.01227508577,42483268634.18711,2283691326423.212
2025-10-28T00:00:00Z,BITCOIN,114182.79442806762,63764801510.65889,2276235094681.6714
2025-10-29T00:00:00Z,BITCOIN,112950.34863259472,66299512352.17796,2254003248725.4917
2025-10-30T00:00:00Z,BITCOIN,110046.66925837283,64235327509.05742,2194746293754.542
2025-10-31T00:00:00Z,BITCOIN,108240.76528725718,72648897659.94229,2157803742876.0747
2025-11-01T00:00:00Z,BITCOIN,109573.90555629115,58800487940.5146,2185193896779.3408
2025-11-02T00:00:00Z,BITCOIN,110014.13556776087,24938475577.849922,2194075979770.0623
2025-11-03T00:00:00Z,BITCOIN,110650.2092823146,35098774843.7742,2201849942058.28
2025-11-04T00:00:00Z,BITCOIN,106521.08673825761,75068433317.86293,2123664079961.7026
2025-11-05T00:00:00Z,BITCOIN,101635.2740227234,108965721650.60309,2026091188341.184
2025-11-06T00:00:00Z,BITCOIN,103877.95965955159,77083907216.62631,2073000557933.8025
2025-11-07T00:00:00Z,BITCOIN,101322.6402945857,64118217249.57436,2019147576692.263
2025-11-08T00:00:00Z,BITCOIN,103396.084215925,93627003785.31018,2063021740892.1375
2025-11-09T00:00:00Z,BITCOIN,102290.13714655167,51095924202.31797,2039995976869.1492
2025-11-10T00:00:00Z,BITCOIN,104709.67861656273,59952468437.71812,2086419359800.0503
2025-11-11T00:00:00Z,BITCOIN,105909.07272321742,67546556819.52642,2112747067951.9028
2025-11-12T00:00:00Z,BITCOIN,102960.77564500563,71008299178.73956,2053215927640.825
2025-11-13T00:00:00Z,BITCOIN,101521.70859453593,63332414142.58827,2025837265459.7573
2025-11-14T00:00:00Z,BITCOIN,99730.4533956204,100463341916.4732,1996168972711.9963
2025-11-15T00:00:00Z,BITCOIN,94456.39368235337,113198323665.38873,1891799949910.1116
2025-11-16T00:00:00Z,BITCOIN,95508.31019889197,39062120798.23745,1905234340631.9912
2025-11-17T00:00:00Z,BITCOIN,94411.32947182967,72645149972.7847,1883240679702.7427
2025-11-18T00:00:00Z,BITCOIN,92036.7255045672,95794596045.06412,1835458818945.8962
2025-11-19T00:00:00Z,BITCOIN,92819.75921500899,103837258806.01602,1851234710246.605
2025-11-20T00:00:00Z,BITCOIN,91363.27838693369,82897875507.45229,1820062799702.324
2025-11-21T00:00:00Z,BITCOIN,86649.97257918229,99171039191.1295,1731258563683.1287
2025-11-22T00:00:00Z,BITCOIN,85051.8019295002,135093457122.46469,1697723941246.0479
2025-11-23T00:00:00Z,BITCOIN,84682.62429147748,42644968955.2184,1690556523055.809
2025-11-24T00:00:00Z,BITCOIN,86783.84766839583,60446592409.29218,1732233225777.4016
2025-11-25T00:00:00Z,BITCOIN,88229.35740719768,77606296173.43544,1761564072532.238
2025-11-26T00:00:00Z,BITCOIN,87310.33159950442,67956444142.18749,1742162762885.542
2025-11-27T00:00:00Z,BITCOIN,90474.22677969698,69690430587.90018,1806439309544.997
2025-11-28T00:00:00Z,BITCOIN,91279.06057176423,59295194347.668594,1821778517479.9226
2025-11-29T00:00:00Z,BITCOIN,90950.37695910994,62833195066.53989,1814919896425.4082
2025-11-30T00:00:00Z,BITCOIN,90841.45258193677,39253888201.69327,1812771321410.9438
2025-12-01T00:00:00Z,BITCOIN,90406.28448571145,40334819409.843475,1807818977105.3909
2025-12-01T22:45:31Z,BITCOIN,86675.71579486522,92503580665.52077,1725896908558.6182
2024-12-02T00:00:00Z,ETHEREUM,3708.8072387383017,29705280034.459038,446664514864.58777
2024-12-03T00:00:00Z,ETHEREUM,3643.855375704235,49031522663.40944,438825980701.30023
2024-12-04T00:00:00Z,ETHEREUM,3625.7104579497204,39557549415.34987,436691206026.36835
2024-12-05T00:00:00Z,ETHEREUM,3839.443460715871,59744855714.19937,462490222624.56714
2024-12-06T00:00:00Z,ETHEREUM,3796.8688671601276,64995601294.502495,457067221118.4413
2024-12-07T00:00:00Z,ETHEREUM,4013.726145388712,55954471926.67034,483422504163.839
2024-12-08T00:00:00Z,ETHEREUM,4000.992076502189,21959792763.543846,481889176555.6843
2024-12-09T00:00:00Z,ETHEREUM,4015.7820212328807,20728146237.12733,483642898147.5037
2024-12-10T00:00:00Z,ETHEREUM,3713.3138979971745,59141397866.09827,446571271919.9886
2024-12-11T00:00:00Z,ETHEREUM,3626.5886417774996,63643513993.15369,436749626813.98615
2024-12-12T00:00:00Z,ETHEREUM,3828.1075883404096,38471623681.40909,461075934206.2153
2024-12-13T00:00:00Z,ETHEREUM,3878.850012073054,47474608675.336655,466883095805.38696
2024-12-14T00:00:00Z,ETHEREUM,3907.4296595053356,36218321642.49857,470469907671.53613
2024-12-15T00:00:00Z,ETHEREUM,3866.9958020348054,28647722345.409325,465713274663.6432
2024-12-16T00:00:00Z,ETHEREUM,3961.3154661802305,24816850994.80954,477323245356.1555
2024-12-17T00:00:00Z,ETHEREUM,3992.857195846062,50679799770.94302,480940541314.61334
2024-12-18T00:00:00Z,ETHEREUM,3879.4062240100893,32823036037.584606,467508439297.98755
2024-12-19T00:00:00Z,ETHEREUM,3628.2624780444953,50734709374.83128,436893612673.4018
2024-12-20T00:00:00Z,ETHEREUM,3434.6754695380805,64452959600.863884,413858693686.69867
2024-12-21T00:00:00Z,ETHEREUM,3468.658920056454,72936574193.4554,417562064054.3703
2024-12-22T00:00:00Z,ETHEREUM,3337.5972231166807,32479699770.041058,401314595520.45166
2024-12-23T00:00:00Z,ETHEREUM,3275.8894274015142,25811397925.979923,394984656581.5222
2024-12-24T00:00:00Z,ETHEREUM,3414.6414419807993,35528067791.09896,411423031050.5532
2024-12-25T00:00:00Z,ETHEREUM,3497.5552879275742,24085249644.32143,420708095541.6798
2024-12-26T00:00:00Z,ETHEREUM,3494.5109273631047,17503804977.00058,421029544401.6013
2024-12-27T00:00:00Z,ETHEREUM,3327.7897761683494,21239977785.94795,401038436756.22626
2024-12-28T00:00:00Z,ETHEREUM,3328.6111553091764,24582312087.174118,400705550098.4306
2024-12-29T00:00:00Z,ETHEREUM,3397.8341205085153,13861298668.649797,409451576910.996
2024-12-30T00:00:00Z,ETHEREUM,3357.330742971463,11315432322.371536,404459649875.75726
2024-12-31T00:00:00Z,ETHEREUM,3359.513941757392,27664137021.813133,404631151447.3196
2025-01-01T00:00:00Z,ETHEREUM,3336.6175137659498,21466394178.61746,401972899891.29846
2025-01-02T00:00:00Z,ETHEREUM,3348.967247123586,13440599794.35101,403374380145.697
2025-01-03T00:00:00Z,ETHEREUM,3448.140436960939,22683249623.05199,415300548992.1061
2025-01-04T00:00:00Z,ETHEREUM,3604.2913795931763,22019312215.306797,434290507752.4077
2025-01-05T00:00:00Z,ETHEREUM,3660.37804173532,15951962220.78043,441117087325.0027
2025-01-06T00:00:00Z,ETHEREUM,3635.8549961807084,12542101206.558632,438092711283.22925
2025-01-07T00:00:00Z,ETHEREUM,3687.1447140588307,24440100572.59286,444015369643.70074
2025-01-08T00:00:00Z,ETHEREUM,3380.0211263090155,32832589510.813023,406968109533.227
2025-01-09T00:00:00Z,ETHEREUM,3325.1300293537356,35080974963.72023,400602495132.5278
2025-01-10T00:00:00Z,ETHEREUM,3219.09284475812,30096896683.041233,388324291231.471
2025-01-11T00:00:00Z,ETHEREUM,3269.1759954060667,26722437003.95787,394101246876.45374
2025-01-12T00:00:00Z,ETHEREUM,3283.591322828503,11047744222.743227,395839071861.3172
2025-01-13T00:00:00Z,ETHEREUM,3264.070968533687,9699706283.258541,393199349088.32996
2025-01-14T00:00:00Z,ETHEREUM,3134.5520394596483,41743898872.017,377643507549.0125
2025-01-15T00:00:00Z,ETHEREUM,3224.8006483414138,22365842880.809456,388487746270.3852
2025-01-16T00:00:00Z,ETHEREUM,3447.0340476747956,23773995063.828526,415058425772.0614
2025-01-17T00:00:00Z,ETHEREUM,3309.4466139900196,25012556602.905136,398587196539.9218
2025-01-18T00:00:00Z,ETHEREUM,3477.284285084809,27778832363.7708,419024911827.7939
2025-01-19T00:00:00Z,ETHEREUM,3309.0995676199964,32195594202.134895,398761138447.4049
2025-01-20T00:00:00Z,ETHEREUM,3208.1365439891497,59678736709.7496,388676714260.872
2025-01-21T00:00:00Z,ETHEREUM,3263.069869880814,49563768850.78339,393073139255.5516
2025-01-22T00:00:00Z,ETHEREUM,3326.0285404709143,33762939512.697853,400135429379.4123
2025-01-23T00:00:00Z,ETHEREUM,3237.2996671291435,21782301388.383984,390083338462.87006
2025-01-24T00:00:00Z,ETHEREUM,3332.580893146162,33863218042.431107,401547418905.6495
2025-01-25T00:00:00Z,ETHEREUM,3311.8499838687,25895320216.868122,398942774193.46027
2025-01-26T00:00:00Z,ETHEREUM,3320.1314101789453,12706329663.414034,400427749273.5654
2025-01-27T00:00:00Z,ETHEREUM,3232.2767744705584,13000445022.22209,390058879989.8578
2025-01-28T00:00:00Z,ETHEREUM,3173.5346079397173,41151086046.07612,382221069555.6103
2025-01-29T00:00:00Z,ETHEREUM,3076.4937692857234,19807794444.483303,370532757630.7433
2025-01-30T00:00:00Z,ETHEREUM,3114.4358854363104,22051422147.78046,375574817164.75665
2025-01-31T00:00:00Z,ETHEREUM,3248.249484352305,19504592311.356525,391509879851.78656
2025-02-01T00:00:00Z,ETHEREUM,3296.390634843652,31441846706.254246,396910231325.1062
2025-02-02T00:00:00Z,ETHEREUM,3125.0386801320924,18969060074.552986,376840076476.98303
2025-02-03T00:00:00Z,ETHEREUM,2862.6976188716285,38896518795.21238,344091054313.7205
2025-02-04T00:00:00Z,ETHEREUM,2877.8138239498767,96588727629.45805,346820394641.11206
2025-02-05T00:00:00Z,ETHEREUM,2740.3809762760143,52737830809.63367,329090090858.6241
2025-02-06T00:00:00Z,ETHEREUM,2790.5521609256075,30026391038.27177,335828291113.4543
2025-02-07T00:00:00Z,ETHEREUM,2686.662316793651,31349967107.97825,323756512126.7498
2025-02-08T00:00:00Z,ETHEREUM,2623.4507017824767,30948837988.08186,315636240722.9841
2025-02-09T00:00:00Z,ETHEREUM,2635.6011418023404,16335613332.591795,317758860998.56256
2025-02-10T00:00:00Z,ETHEREUM,2632.5358220552475,17155535243.908037,317369673472.60657
2025-02-11T00:00:00Z,ETHEREUM,2660.2967996436387,18843420567.42921,320711545303.1932
2025-02-12T00:00:00Z,ETHEREUM,2603.0333698049267,21212910085.211273,313943237177.0695
2025-02-13T00:00:00Z,ETHEREUM,2736.2703136032396,26503660438.845695,329492522913.44
2025-02-14T00:00:00Z,ETHEREUM,2675.7090007037627,18938191215.29619,322584072350.2765
2025-02-15T00:00:00Z,ETHEREUM,2724.6698335873957,17416785872.704834,328399065363.05505
2025-02-16T00:00:00Z,ETHEREUM,2692.8213863864253,8896321414.559013,324625278431.52954
2025-02-17T00:00:00Z,ETHEREUM,2659.9017474093457,8757895115.47748,320529173059.00665
2025-02-18T00:00:00Z,ETHEREUM,2741.9050800956124,24666373348.432693,330464530098.92377
2025-02-19T00:00:00Z,ETHEREUM,2669.4945006896073,24353300611.506603,321688672383.7524
2025-02-20T00:00:00Z,ETHEREUM,2714.8018364720533,13398586820.912325,327248168186.7616
2025-02-21T00:00:00Z,ETHEREUM,2741.5933625994785,14550027648.522171,330517520397.0965
2025-02-22T00:00:00Z,ETHEREUM,2658.3470942919384,31770375573.3895,320508273451.5576
2025-02-23T00:00:00Z,ETHEREUM,2764.355233404291,17576653979.14654,333381856893.82196
2025-02-24T00:00:00Z,ETHEREUM,2827.1844084879804,21394599890.269897,340712999974.1412
2025-02-25T00:00:00Z,ETHEREUM,2503.103420098605,31014455208.756138,301769340440.05
2025-02-26T00:00:00Z,ETHEREUM,2495.315451693047,42875934003.323944,301064649480.5458
2025-02-27T00:00:00Z,ETHEREUM,2325.853934699374,28109120496.698666,280668025121.2334
2025-02-28T00:00:00Z,ETHEREUM,2305.3229378029837,89259450649.58,277936135130.74036
2025-03-01T00:00:00Z,ETHEREUM,2235.204208608959,32905594283.00643,269516471615.1616
2025-03-02T00:00:00Z,ETHEREUM,2212.8243514969954,16103021679.018568,266823935338.2421
2025-03-03T00:00:00Z,ETHEREUM,2517.3382391622977,37907412347.33495,303306117779.7704
2025-03-04T00:00:00Z,ETHEREUM,2148.199533470228,33501080617.480988,259111889993.75626
2025-03-05T00:00:00Z,ETHEREUM,2171.496943535016,35524086282.76523,261805780842.5489
2025-03-06T00:00:00Z,ETHEREUM,2241.3841149187283,22236307931.758247,270490243838.00568
2025-03-07T00:00:00Z,ETHEREUM,2202.3207363495417,19895800679.328133,265270135615.0983
2025-03-08T00:00:00Z,ETHEREUM,2140.7498089428914,21716710066.08888,257899503839.8083
2025-03-09T00:00:00Z,ETHEREUM,2199.9995000805707,11257666715.795546,265129957012.69815
2025-03-10T00:00:00Z,ETHEREUM,2017.265460184326,17577023963.685375,243298514477.01385
2025-03-11T00:00:00Z,ETHEREUM,1879.1231054991026,36577317615.21765,226713493940.29108
2025-03-12T00:00:00Z,ETHEREUM,1921.3099227587034,30046602111.893852,232024934655.6445
2025-03-13T00:00:00Z,ETHEREUM,1910.6551381032464,24499314730.70381,230443739229.907
2025-03-14T00:00:00Z,ETHEREUM,1862.7949366490388,19212414462.181553,224658866951.8703
2025-03-15T00:00:00Z,ETHEREUM,1910.6662703455045,12949972214.265629,230476916425.01935
2025-03-16T00:00:00Z,ETHEREUM,1939.7856881721348,6944891086.050841,233970291611.3664
2025-03-17T00:00:00Z,ETHEREUM,1887.7643429692785,9486242392.181334,227688957214.28125
2025-03-18T00:00:00Z,ETHEREUM,1929.1833577618722,11251166846.249075,232725366276.39935
2025-03-19T00:00:00Z,ETHEREUM,1932.7964059050657,10887619567.393353,233152161415.72287
2025-03-20T00:00:00Z,ETHEREUM,2060.728601068271,20374739988.65224,248434080718.19073
2025-03-21T00:00:00Z,ETHEREUM,1980.831780524645,14303790085.616615,238984217654.16632
2025-03-22T00:00:00Z,ETHEREUM,1964.5293833168294,9890112887.282015,236980043535.89395
2025-03-23T00:00:00Z,ETHEREUM,1979.5449257665966,6195605844.536302,238753335160.5841
2025-03-24T00:00:00Z,ETHEREUM,2001.0470230951883,7991413702.677865,241404254258.0785
2025-03-25T00:00:00Z,ETHEREUM,2077.739325831977,15676451247.546822,250648654235.6259
2025-03-26T00:00:00Z,ETHEREUM,2068.598435049149,12563169733.005245,249404519198.06433
2025-03-27T00:00:00Z,ETHEREUM,2009.8835432902426,14024859854.906677,242347645799.6622
2025-03-28T00:00:00Z,ETHEREUM,2003.3034241292064,12136188059.422693,241580699763.4796
2025-03-29T00:00:00Z,ETHEREUM,1896.9173600459985,18419487648.39739,228784244898.24844
2025-03-30T00:00:00Z,ETHEREUM,1829.2745211803463,12924117064.878807,220262156018.88525
2025-03-31T00:00:00Z,ETHEREUM,1805.3378779435934,10056531345.160347,217784813538.97607
2025-04-01T00:00:00Z,ETHEREUM,1824.2071367609847,17022367813.88877,219908040559.44638
2025-04-02T00:00:00Z,ETHEREUM,1907.1671522994227,15899367803.5509,230031614721.63394
2025-04-03T00:00:00Z,ETHEREUM,1795.761850567479,23450470660.978283,216667567217.00522
2025-04-04T00:00:00Z,ETHEREUM,1818.2844199542053,16999031833.158594,219762279056.2319
2025-04-05T00:00:00Z,ETHEREUM,1814.4807753449506,19459233591.298603,218925876283.93597
2025-04-06T00:00:00Z,ETHEREUM,1809.935827172196,6780827627.545529,217957146409.9286
2025-04-07T00:00:00Z,ETHEREUM,1574.6321611455576,23485484227.161697,190295586491.21872
2025-04-08T00:00:00Z,ETHEREUM,1555.909812570873,49416724296.56089,188565143892.71408
2025-04-09T00:00:00Z,ETHEREUM,1471.3608854365523,22451028357.384758,177496121145.5316
2025-04-10T00:00:00Z,ETHEREUM,1662.5331604641576,41589589714.84994,200623016236.85327
2025-04-11T00:00:00Z,ETHEREUM,1523.928624242526,20486375929.10568,183947227079.42554
2025-04-12T00:00:00Z,ETHEREUM,1568.131690125936,14195085224.783228,189185664203.6754
2025-04-13T00:00:00Z,ETHEREUM,1645.8625733156498,11756571644.476357,198696438258.60336
2025-04-14T00:00:00Z,ETHEREUM,1595.4227460001084,13775001676.60885,192382635779.77805
2025-04-15T00:00:00Z,ETHEREUM,1621.543195596693,15415724739.820591,195686083638.74744
2025-04-16T00:00:00Z,ETHEREUM,1587.8222244021401,11786525215.180002,191837036865.40186
2025-04-17T00:00:00Z,ETHEREUM,1577.7073516760117,13120084885.866234,190419833063.11868
2025-04-18T00:00:00Z,ETHEREUM,1583.4764497002345,9437178720.867388,191135638825.23685
2025-04-19T00:00:00Z,ETHEREUM,1589.1516208270755,5254078676.877919,191865697060.91525
2025-04-20T00:00:00Z,ETHEREUM,1615.0502549158562,5148626529.402773,194945047366.35382
2025-04-21T00:00:00Z,ETHEREUM,1585.4600253443446,6695768150.024456,191374869502.39386
2025-04-22T00:00:00Z,ETHEREUM,1577.4465595922347,15275062279.387148,190376888818.46906
2025-04-23T00:00:00Z,ETHEREUM,1759.7064599311093,24271980430.95098,212582611840.14056
2025-04-24T00:00:00Z,ETHEREUM,1793.969849485534,22099177230.61867,216572719914.54987
2025-04-25T00:00:00Z,ETHEREUM,1769.3925107354407,12923295609.972548,213593284213.58224
2025-04-26T00:00:00Z,ETHEREUM,1788.7981804331257,15656748328.784924,215954892518.00418
2025-04-27T00:00:00Z,ETHEREUM,1821.2695303291391,10293614895.776522,219830529458.7114
2025-04-28T00:00:00Z,ETHEREUM,1793.6918440730135,9632458065.106846,216533502206.27112
2025-04-29T00:00:00Z,ETHEREUM,1799.50191449199,16777384305.88931,217264115049.6792
2025-04-30T00:00:00Z,ETHEREUM,1796.9720456768928,13994558644.11867,216596941729.71945
2025-05-01T00:00:00Z,ETHEREUM,1794.0495408617828,13644627083.285889,216623334477.08453
2025-05-02T00:00:00Z,ETHEREUM,1838.8543285925753,14310565589.052694,221969602979.55032
2025-05-03T00:00:00Z,ETHEREUM,1841.427590836958,11686301446.49476,222269022299.2824
2025-05-04T00:00:00Z,ETHEREUM,1834.501911876416,6704990478.824657,221494950784.02625
2025-05-05T00:00:00Z,ETHEREUM,1808.156093844096,7479845748.828526,218216268630.8664
2025-05-06T00:00:00Z,ETHEREUM,1820.0044598893596,10545233503.347864,219769896301.20087
2025-05-07T00:00:00Z,ETHEREUM,1816.1686943818438,11950393736.527246,219305875804.55966
2025-05-08T00:00:00Z,ETHEREUM,1810.3169269284476,47111217119.49919,218569578701.42172
2025-05-09T00:00:00Z,ETHEREUM,2197.5611893238784,35992825075.05399,264994998215.9445
2025-05-10T00:00:00Z,ETHEREUM,2341.407963002621,44566779461.54657,282636716534.08844
2025-05-11T00:00:00Z,ETHEREUM,2583.6829051429513,29947910159.02891,312095621694.1442
2025-05-12T00:00:00Z,ETHEREUM,2507.4693107597423,26138286410.23315,302727255563.5134
2025-05-13T00:00:00Z,ETHEREUM,2492.426391077375,31524626114.978752,300976824863.0343
2025-05-14T00:00:00Z,ETHEREUM,2676.639163127913,32279895881.637806,322977150438.36176
2025-05-15T00:00:00Z,ETHEREUM,2603.7180887199615,28150234190.931705,314022060127.0501
2025-05-16T00:00:00Z,ETHEREUM,2542.296692466797,26211434557.7159,306933361055.9317
2025-05-17T00:00:00Z,ETHEREUM,2544.3870377235667,21130441534.96637,307619694635.7725
2025-05-18T00:00:00Z,ETHEREUM,2475.0543933696913,17185510890.702347,298789831687.0011
2025-05-19T00:00:00Z,ETHEREUM,2465.3409856139087,24797434472.364086,296863390804.2497
2025-05-20T00:00:00Z,ETHEREUM,2526.989643891319,25363871274.82505,305077067863.0779
2025-05-21T00:00:00Z,ETHEREUM,2524.2743433146065,22871462735.416794,304737250158.37354
2025-05-22T00:00:00Z,ETHEREUM,2558.9502343769486,32697477527.54695,308934701949.7151
2025-05-23T00:00:00Z,ETHEREUM,2657.1674447566115,29592612076.505535,320733890913.39886
2025-05-24T00:00:00Z,ETHEREUM,2519.813809045145,30047329191.503662,304038733414.03973
2025-05-25T00:00:00Z,ETHEREUM,2529.4429842284353,10744994421.192684,305369227833.4215
2025-05-26T00:00:00Z,ETHEREUM,2546.6201163370915,13814697849.726278,307423642894.0653
2025-05-27T00:00:00Z,ETHEREUM,2562.1729286392238,13350148034.293623,309319360637.78375
2025-05-28T00:00:00Z,ETHEREUM,2662.0940568241435,26434151855.253853,321357595434.52185
2025-05-29T00:00:00Z,ETHEREUM,2676.2674124507,18008588586.284103,323119009777.13904
2025-05-30T00:00:00Z,ETHEREUM,2633.1392065286695,27021441335.5195,317891224562.8813
2025-05-31T00:00:00Z,ETHEREUM,2524.4762348050726,22927149330.30469,304659964725.2192
2025-06-01T00:00:00Z,ETHEREUM,2532.3627853090866,13006751258.18768,305718505778.76434
2025-06-02T00:00:00Z,ETHEREUM,2538.3300584367485,11338340571.11249,306561765778.2403
2025-06-03T00:00:00Z,ETHEREUM,2609.737253959435,15623967732.418657,314999579353.95825
2025-06-04T00:00:00Z,ETHEREUM,2595.4689570062997,15955008730.338179,313315832347.0171
2025-06-05T00:00:00Z,ETHEREUM,2610.343189828259,16809606446.176416,315159803382.89014
2025-06-06T00:00:00Z,ETHEREUM,2421.601103763502,25849573159.64817,292341916400.9464
2025-06-07T00:00:00Z,ETHEREUM,2481.4039836690267,18395107930.47655,299560106673.7574
2025-06-08T00:00:00Z,ETHEREUM,2526.291995889778,9535426814.691927,304953508465.0457
2025-06-09T00:00:00Z,ETHEREUM,2508.784123584585,10206893115.537256,302870081038.261
2025-06-10T00:00:00Z,ETHEREUM,2685.0001850413178,19485734665.28548,324315565109.11993
2025-06-11T00:00:00Z,ETHEREUM,2808.503208314919,38281210143.95115,339012253954.4242
2025-06-12T00:00:00Z,ETHEREUM,2776.1371915822333,27369030837.548595,334990282503.402
2025-06-13T00:00:00Z,ETHEREUM,2653.158968452672,26068993569.969894,320595535562.5316
2025-06-14T00:00:00Z,ETHEREUM,2577.04861752583,38576471746.00814,311111352117.7261
2025-06-15T00:00:00Z,ETHEREUM,2534.0702195359518,12077031034.291521,306048481935.1591
2025-06-16T00:00:00Z,ETHEREUM,2547.8456040920437,11678912429.510712,307537228689.2678
2025-06-17T00:00:00Z,ETHEREUM,2561.329843569428,24222149649.172424,309982828015.90594
2025-06-18T00:00:00Z,ETHEREUM,2514.986700576147,25926506708.040215,303697873489.69434
2025-06-19T00:00:00Z,ETHEREUM,2521.3334233964915,17800721253.243202,304290652058.44
2025-06-20T00:00:00Z,ETHEREUM,2522.1791903642184,10392473841.155851,304481216643.1207
2025-06-21T00:00:00Z,ETHEREUM,2405.695434213183,20482816663.29469,290401843920.2328
2025-06-22T00:00:00Z,ETHEREUM,2270.581996055585,16155611764.84833,273839538572.25955
2025-06-23T00:00:00Z,ETHEREUM,2227.4287266371684,28181442532.315876,268777741291.43988
2025-06-24T00:00:00Z,ETHEREUM,2423.899644268608,25494295400.420887,292612668627.3885
2025-06-25T00:00:00Z,ETHEREUM,2446.539301545049,19669025068.963604,295402538889.65454
2025-06-26T00:00:00Z,ETHEREUM,2417.2267855277296,15513055665.262428,291827501114.87933
2025-06-27T00:00:00Z,ETHEREUM,2415.0318648765942,16271811388.723804,291547094716.2168
2025-06-28T00:00:00Z,ETHEREUM,2423.0302896731746,13100825617.816572,292419308271.8665
2025-06-29T00:00:00Z,ETHEREUM,2437.133001780241,5787313890.541637,294208600645.2538
2025-06-30T00:00:00Z,ETHEREUM,2502.6672721177083,10236257918.833096,302158279316.21674
2025-07-01T00:00:00Z,ETHEREUM,2488.190781689803,16306915984.938057,300388851494.49866
2025-07-02T00:00:00Z,ETHEREUM,2405.1045592800183,12933967031.524443,290294455719.4809
2025-07-03T00:00:00Z,ETHEREUM,2574.067718495133,21862573614.17975,310930535640.4307
2025-07-04T00:00:00Z,ETHEREUM,2590.132231590221,19823369642.62606,312621047413.045
2025-07-05T00:00:00Z,ETHEREUM,2509.236345783362,16377116416.187033,302827514359.61035
2025-07-06T00:00:00Z,ETHEREUM,2517.37917835065,6801276942.284494,304028836772.5733
2025-07-07T00:00:00Z,ETHEREUM,2571.358192115984,9051659015.949968,310345645222.7514
2025-07-08T00:00:00Z,ETHEREUM,2543.6317028067488,15947822897.049152,307013209348.5054
2025-07-09T00:00:00Z,ETHEREUM,2615.7759888945047,14750377128.581295,315738597830.34283
2025-07-10T00:00:00Z,ETHEREUM,2772.5795626609174,26626246774.244656,335050165487.70404
2025-07-11T00:00:00Z,ETHEREUM,2948.4462027029053,39308824585.23128,355346738000.49475
2025-07-12T00:00:00Z,ETHEREUM,2958.8514450990992,42455550664.554665,357144054434.9151
2025-07-13T00:00:00Z,ETHEREUM,2942.9616055388096,17472135946.60354,355216449018.5163
2025-07-14T00:00:00Z,ETHEREUM,2974.2654952333387,18605172049.087772,359110100026.3572
2025-07-15T00:00:00Z,ETHEREUM,3012.1797069059276,41336421998.04408,363606274489.50854
2025-07-16T00:00:00Z,ETHEREUM,3133.069857747011,43416230283.76601,378233206915.81635
2025-07-17T00:00:00Z,ETHEREUM,3368.126521526108,54882159731.0286,406599729410.5382
2025-07-18T00:00:00Z,ETHEREUM,3481.8828152374017,45678965280.66659,420347293649.25085
2025-07-19T00:00:00Z,ETHEREUM,3547.317079001209,72535524453.98022,427841866746.5711
2025-07-20T00:00:00Z,ETHEREUM,3594.3185010809702,27017909119.384834,433877664505.94135
2025-07-21T00:00:00Z,ETHEREUM,3758.605581813957,55175056732.09093,453825859015.21515
2025-07-22T00:00:00Z,ETHEREUM,3765.453624023574,47245582310.60992,454513156113.6638
2025-07-23T00:00:00Z,ETHEREUM,3746.9406687316323,52357062545.19388,452355960897.77356
2025-07-24T00:00:00Z,ETHEREUM,3630.053531480921,47655045407.89862,438111570682.8548
2025-07-25T00:00:00Z,ETHEREUM,3708.4299352383423,47332291813.01175,447620332487.87305
2025-07-26T00:00:00Z,ETHEREUM,3723.0529092785596,48622472830.12327,449379722345.43585
2025-07-27T00:00:00Z,ETHEREUM,3742.4314258659915,25352434514.72998,451746443518.379
2025-07-28T00:00:00Z,ETHEREUM,3864.1248374654765,26045280361.31318,466077664312.2753
2025-07-29T00:00:00Z,ETHEREUM,3786.303845995956,38743589826.42135,457680388920.6686
2025-07-30T00:00:00Z,ETHEREUM,3788.5983716058226,34923369443.87463,457213828532.1186
2025-07-31T00:00:00Z,ETHEREUM,3807.4166010824188,28710848449.745983,459449027043.4022
2025-08-01T00:00:00Z,ETHEREUM,3696.6628530851194,31312115686.896267,446264222707.4442
2025-08-02T00:00:00Z,ETHEREUM,3483.1789551579504,42431734230.15089,420327732498.14484
2025-08-03T00:00:00Z,ETHEREUM,3397.4855484143177,28164675444.895985,410229849339.571
2025-08-04T00:00:00Z,ETHEREUM,3497.573127822404,18338718249.174084,422223994717.4719
2025-08-05T00:00:00Z,ETHEREUM,3715.7090148550706,28536476594.95387,448517239894.4303
2025-08-06T00:00:00Z,ETHEREUM,3612.442432236669,29411744198.367584,436373875222.1905
2025-08-07T00:00:00Z,ETHEREUM,3684.0459195726726,23256150904.877857,444737780081.9074
2025-08-08T00:00:00Z,ETHEREUM,3911.2609462690816,31981627910.70641,471838906504.6792
2025-08-09T00:00:00Z,ETHEREUM,4012.97697001236,37861934037.3479,484483868122.1773
2025-08-10T00:00:00Z,ETHEREUM,4265.563258333516,37686735734.66866,514414914903.26123
2025-08-11T00:00:00Z,ETHEREUM,4253.591618951185,26481154882.304214,513073639261.6181
2025-08-12T00:00:00Z,ETHEREUM,4228.824213261163,43010572110.88258,510225780028.6237
2025-08-13T00:00:00Z,ETHEREUM,4606.809427709522,52840297700.59488,556502855391.5187
2025-08-14T00:00:00Z,ETHEREUM,4763.652535322159,58870844448.59354,575091067506.1215
2025-08-15T00:00:00Z,ETHEREUM,4554.291501538621,66924319529.18441,551514703070.4648
2025-08-16T00:00:00Z,ETHEREUM,4430.532465017841,50038927770.639565,534578587192.13434
2025-08-17T00:00:00Z,ETHEREUM,4426.826913311333,21104759591.061535,534150282399.6513
2025-08-18T00:00:00Z,ETHEREUM,4487.118013759226,28100356151.382523,541923097741.9142
2025-08-19T00:00:00Z,ETHEREUM,4317.2757573282315,43935703176.22011,520793172158.0575
2025-08-20T00:00:00Z,ETHEREUM,4074.495786100515,41626342123.38552,491872355111.46844
2025-08-21T00:00:00Z,ETHEREUM,4330.491598768078,39857177022.84433,523004794309.38104
2025-08-22T00:00:00Z,ETHEREUM,4224.438592580698,21703206731.83165,509951239220.54224
2025-08-23T00:00:00Z,ETHEREUM,4829.225541798332,61856673933.04883,582817007170.4178
2025-08-24T00:00:00Z,ETHEREUM,4773.8840885987775,27814037595.094646,576242312916.0488
2025-08-25T00:00:00Z,ETHEREUM,4778.10916071381,41157770217.98017,577227233251.8729
2025-08-26T00:00:00Z,ETHEREUM,4381.626176071471,48217069690.885376,529509245849.7141
2025-08-27T00:00:00Z,ETHEREUM,4602.369685333965,35263906282.176544,555061696726.733
2025-08-28T00:00:00Z,ETHEREUM,4500.1451479982325,35898825608.295586,543608856125.4653
2025-08-29T00:00:00Z,ETHEREUM,4507.560431032719,29189873860.227936,543249516158.12427
2025-08-30T00:00:00Z,ETHEREUM,4364.358521430426,38006835596.328514,526830870964.3115
2025-08-31T00:00:00Z,ETHEREUM,4373.360357620914,19199178188.100254,527539496668.2519
2025-09-01T00:00:00Z,ETHEREUM,4388.9314645193645,22269795530.723904,529740073153.04834
2025-09-02T00:00:00Z,ETHEREUM,4303.202222745541,31725195638.84437,519534784996.7176
2025-09-03T00:00:00Z,ETHEREUM,4325.856306225941,32990260980.341236,521450862214.85895
2025-09-04T00:00:00Z,ETHEREUM,4449.8670977283255,30818352470.84173,537549763927.1384
2025-09-05T00:00:00Z,ETHEREUM,4298.094660544595,29893273380.076374,519319443328.1493
2025-09-06T00:00:00Z,ETHEREUM,4306.613513100346,37950930494.82325,519830732357.0378
2025-09-07T00:00:00Z,ETHEREUM,4273.110024157841,14497961323.191992,515852185188.91895
2025-09-08T00:00:00Z,ETHEREUM,4304.032421076036,14920604279.616674,519663340480.02106
2025-09-09T00:00:00Z,ETHEREUM,4309.685702772004,26393884729.75394,519912892077.1541
2025-09-10T00:00:00Z,ETHEREUM,4309.342746120013,28408982228.170376,520461727067.3641
2025-09-11T00:00:00Z,ETHEREUM,4347.476803670656,34848418445.62599,524803924739.0028
2025-09-12T00:00:00Z,ETHEREUM,4459.31901599882,33593064568.960487,538261336997.6129
2025-09-13T00:00:00Z,ETHEREUM,4708.841744149995,39138140052.58744,567724477218.3574
2025-09-14T00:00:00Z,ETHEREUM,4667.699652630318,30452117451.68358,563397805739.7904
2025-09-15T00:00:00Z,ETHEREUM,4609.786110950785,23827529566.903904,556354045428.2224
2025-09-16T00:00:00Z,ETHEREUM,4524.244939102515,33863743706.690956,545926863107.31946
2025-09-17T00:00:00Z,ETHEREUM,4504.266635522813,28053763147.05997,543407922913.00836
2025-09-18T00:00:00Z,ETHEREUM,4591.768794331328,41727122821.76891,554600592896.1794
2025-09-19T00:00:00Z,ETHEREUM,4590.6367372135155,29381752919.13096,554210013387.6136
2025-09-20T00:00:00Z,ETHEREUM,4470.479474009387,28156319659.26727,539242810184.06946
2025-09-21T00:00:00Z,ETHEREUM,4481.799472368209,14314030981.454111,540941822331.27405
2025-09-22T00:00:00Z,ETHEREUM,4452.87113037789,15910684640.581882,537406899904.3973
2025-09-23T00:00:00Z,ETHEREUM,4199.951774017639,52988093949.58233,507148578276.2705
2025-09-24T00:00:00Z,ETHEREUM,4166.1905498775295,29902684711.810097,503209949445.43353
2025-09-25T00:00:00Z,ETHEREUM,4148.65682762035,29988924904.58222,500734284408.361
2025-09-26T00:00:00Z,ETHEREUM,3863.0632875907245,63461265827.195854,466825639887.3833
2025-09-27T00:00:00Z,ETHEREUM,4037.0979210260916,43443403793.85234,486889364203.26996
2025-09-28T00:00:00Z,ETHEREUM,4018.167453105732,17011629273.367075,485207355886.1105
2025-09-29T00:00:00Z,ETHEREUM,4141.839664086501,21656522951.624653,499628731251.1227
2025-09-30T00:00:00Z,ETHEREUM,4215.61278947927,34604598514.675,508909498092.11896
2025-10-01T00:00:00Z,ETHEREUM,4144.230463371581,34013325290.49775,500218841768.296
2025-10-02T00:00:00Z,ETHEREUM,4343.951983440489,42741046618.56157,524308225825.147
2025-10-03T00:00:00Z,ETHEREUM,4484.006245909478,41104321433.11955,540553843152.3364
2025-10-04T00:00:00Z,ETHEREUM,4515.759068159723,45970576945.09693,545075315730.44794
2025-10-05T00:00:00Z,ETHEREUM,4487.706651673285,20597928707.86516,541611848322.7991
2025-10-06T00:00:00Z,ETHEREUM,4515.321391965295,40355486904.311195,545075062109.96124
2025-10-07T00:00:00Z,ETHEREUM,4689.131734746596,41164885082.65789,566339901682.9528
2025-10-08T00:00:00Z,ETHEREUM,4454.32846286666,49804861778.9329,537522914209.85065
2025-10-09T00:00:00Z,ETHEREUM,4527.578004547945,36623453162.8216,546454608029.64813
2025-10-10T00:00:00Z,ETHEREUM,4368.649439385323,42731695438.879875,527213250874.5829
2025-10-11T00:00:00Z,ETHEREUM,3835.632842050135,90784076986.425,463578765352.86365
2025-10-12T00:00:00Z,ETHEREUM,3749.218185954949,54140013164.198265,453043143808.8669
2025-10-13T00:00:00Z,ETHEREUM,4159.729307791921,57642806541.61372,501175375996.802
2025-10-14T00:00:00Z,ETHEREUM,4246.217461554773,46426992105.166855,512317800004.74445
2025-10-15T00:00:00Z,ETHEREUM,4128.888447033946,62876294833.97642,498801738230.5064
2025-10-16T00:00:00Z,ETHEREUM,3983.1544356894233,44806571765.16941,480502921991.1765
2025-10-17T00:00:00Z,ETHEREUM,3890.1993012479857,44673230678.7307,469582926617.41595
2025-10-18T00:00:00Z,ETHEREUM,3831.244175835675,52519500424.67195,462727285553.6246
2025-10-19T00:00:00Z,ETHEREUM,3889.4990302043157,19845543405.385517,469204461222.8663
2025-10-20T00:00:00Z,ETHEREUM,3985.0765644046796,29233928200.2202,480734836101.83966
2025-10-21T00:00:00Z,ETHEREUM,3978.7901551344357,35767064768.00727,480395580826.9953
2025-10-22T00:00:00Z,ETHEREUM,3877.4871979550117,46069514674.15889,467810730089.432
2025-10-23T00:00:00Z,ETHEREUM,3801.7907952382916,41712359613.706055,458856134706.02246
2025-10-24T00:00:00Z,ETHEREUM,3855.8421162401205,32116755772.61905,465361564940.0126
2025-10-25T00:00:00Z,ETHEREUM,3933.232269901015,30026152396.570248,474759372126.45776
2025-10-26T00:00:00Z,ETHEREUM,3952.213557935584,12389144280.82482,477319399731.4925
2025-10-27T00:00:00Z,ETHEREUM,4161.5908962492495,25813518444.008472,502918445052.51886
2025-10-28T00:00:00Z,ETHEREUM,4123.206220671679,36948961061.03095,497221249584.5864
2025-10-29T00:00:00Z,ETHEREUM,3982.3127893175442,35659878225.70066,481161348044.65594
2025-10-30T00:00:00Z,ETHEREUM,3897.359267616961,33522381291.769722,470349941761.83514
2025-10-31T00:00:00Z,ETHEREUM,3802.2953645331804,36685058456.47925,458793317252.3975
2025-11-01T00:00:00Z,ETHEREUM,3847.298177365196,32814597904.07948,464417354244.41925
2025-11-02T00:00:00Z,ETHEREUM,3872.2118961957594,12518543682.642963,467387016348.6048
2025-11-03T00:00:00Z,ETHEREUM,3910.0947691627284,15511617607.50217,471549372393.21094
2025-11-04T00:00:00Z,ETHEREUM,3600.71550248779,47914058739.68866,434149656995.1001
2025-11-05T00:00:00Z,ETHEREUM,3296.7437604313104,68784285690.87129,397489340792.3503
2025-11-06T00:00:00Z,ETHEREUM,3427.6905913706814,44374527842.85683,413918683595.6081
2025-11-07T00:00:00Z,ETHEREUM,3308.918164921951,33880974985.82207,399007356776.52936
2025-11-08T00:00:00Z,ETHEREUM,3434.3512285299594,38972602140.84989,414691375367.5941
2025-11-09T00:00:00Z,ETHEREUM,3401.4594003397083,20876971421.901554,410599145957.86835
2025-11-10T00:00:00Z,ETHEREUM,3576.2547046627064,25994213654.36895,431294295578.2351
2025-11-11T00:00:00Z,ETHEREUM,3564.6105957999334,31866555691.672695,430271977432.51276
2025-11-12T00:00:00Z,ETHEREUM,3416.781328259322,36501187500.23736,411969837331.5966
2025-11-13T00:00:00Z,ETHEREUM,3409.6144555411624,31722707429.919136,411695018306.39923
2025-11-14T00:00:00Z,ETHEREUM,3235.7276362968546,47957135381.43061,392354946592.3496
2025-11-15T00:00:00Z,ETHEREUM,3106.601287865052,45035057857.22528,376914348602.9677
2025-11-16T00:00:00Z,ETHEREUM,3170.1129807404664,19159039393.797318,382460593691.1359
2025-11-17T00:00:00Z,ETHEREUM,3101.686799467,30332766567.569996,374435480317.1664
2025-11-18T00:00:00Z,ETHEREUM,3021.3021576301335,39723178401.3899,364584346775.1596
2025-11-19T00:00:00Z,ETHEREUM,3117.2225871583155,40531057646.65946,375944681644.45795
2025-11-20T00:00:00Z,ETHEREUM,3017.7483614097955,39173261740.03148,363582387251.9456
2025-11-21T00:00:00Z,ETHEREUM,2832.068358334293,41625324784.96392,342850824587.94714
2025-11-22T00:00:00Z,ETHEREUM,2764.735218675169,49920072209.17851,333838550169.9107
2025-11-23T00:00:00Z,ETHEREUM,2768.6178294996353,15277324087.122278,334406681065.5302
2025-11-24T00:00:00Z,ETHEREUM,2799.8149340924633,20170660685.078762,338053142179.2997
2025-11-25T00:00:00Z,ETHEREUM,2953.327645752226,32699089921.17828,357075035362.9083
2025-11-26T00:00:00Z,ETHEREUM,2955.046469321271,23359001752.780495,356667974212.06213
2025-11-27T00:00:00Z,ETHEREUM,3027.477249132549,21096541004.26908,365169111971.85614
2025-11-28T00:00:00Z,ETHEREUM,3015.6118196920934,16563145331.437607,364039549664.8285
2025-11-29T00:00:00Z,ETHEREUM,3033.135645414151,20184482703.163284,366085841851.63794
2025-11-30T00:00:00Z,ETHEREUM,2991.2330117032593,12634811464.603792,361028197396.32526
2025-12-01T00:00:00Z,ETHEREUM,2992.8341859495977,11969903297.072994,361717332403.24976
2025-12-01T22:45:30Z,ETHEREUM,2805.4045408560164,37499898531.88165,337885904354.35547
