date,coin,price,volume,market_cap,sentiment_score,search_interest,daily_return,volatility_7d
2024-12-02,BITCOIN,97311.70719084324,49147687432.565895,1925808416477.5068,0.0414642942,37,NA,NA
2024-12-03,BITCOIN,95833.1362300365,101019861361.49252,1896576914275.523,-0.0633689482,35,-0.01519417348117258,NA
2024-12-04,BITCOIN,96031.63097759832,87935752287.975,1900922167493.3645,0.107400025752,35,0.00207125379978534,NA
2024-12-05,BITCOIN,98881.4694561823,98230784298.0459,1957276192604.2605,-0.109387289322,100,0.02967603954626962,NA
2024-12-06,BITCOIN,97201.5003640774,190460293531.538,1920742551503.6096,0.045478503311,61,-0.01698972619788319,NA
2024-12-07,BITCOIN,99973.85150659826,115812632020.44765,1978389972043.795,0.069123291666,44,0.02852169083951117,NA
2024-12-08,BITCOIN,99781.82999198174,61061136199.7846,1974739091620.7544,0.080784956268,38,-0.00192071738482391,NA
2024-12-09,BITCOIN,101235.3717025316,62677764785.05408,2003238967638.8289,0.039370291063,42,0.01456719836333597,0.01913479273851266
2024-12-10,BITCOIN,97353.94700820888,146846843211.51685,1926047690157.628,0.029589594027,42,-0.03834059804440537,0.02459272318435324
2024-12-11,BITCOIN,96649.71446771533,125835977742.51114,1913115778728.2837,0.048842604433,39,-0.00723373383550818,0.02487043537694225
2024-12-12,BITCOIN,101123.61811033696,118484957960.76833,2001746436338.842,7.40108478e-4,39,0.04628987956416686,0.02856157457370272
2024-12-13,BITCOIN,100000.80836535196,100092043319.8122,1979166149963.309,-0.010538000632,33,-0.01110333832952747,0.02793563225881594
2024-12-14,BITCOIN,101352.22971292294,78802903278.85962,2005406021235.8357,-0.001457935061,30,0.01351410423237342,0.02630382964066433
2024-12-15,BITCOIN,101367.01064553364,57321924844.41535,2007646386698.8667,0.070214555446,32,1.4583727119332757e-4,0.02626073681488734
2024-12-16,BITCOIN,104721.50151808978,70645074624.52869,2075487816560.1924,0.020397157005,49,0.03309253031330206,0.02851087633866887
2024-12-17,BITCOIN,106074.10723541168,115184737759.33566,2097460193710.789,0.077521384327,46,0.01291621775579909,0.02107989156206472
2024-12-18,BITCOIN,106034.913402645,93417826250.1972,2100629850064.912,0.019631923739,43,-3.6949481629566794e-4,0.02014698167255725
2024-12-19,BITCOIN,100355.5761481501,113692025885.44743,1985284833093.572,0.058593293071,48,-0.05356101186152562,0.0271805292992568
2024-12-20,BITCOIN,97851.35377075804,100611554887.24124,1937022229972.2085,-0.072587168291,46,-0.02495349509722488,0.02852906433790273
2024-12-21,BITCOIN,97691.43431692652,112340864006.62828,1932373308116.0107,-0.012033813117,30,-0.00163431008022818,0.02765121099583629
2024-12-22,BITCOIN,97202.82496847631,53058382639.48845,1922768195068.165,0.04318947656,29,-0.00500155772987298,0.02756267959689786
2024-12-23,BITCOIN,95094.27394862172,44619017105.36954,1884599149192.4587,0.027919650642,34,-0.02169228127411338,0.02193330644603836
2024-12-24,BITCOIN,94644.9108546432,64937790292.61125,1874912975786.6604,0.090719572076,34,-0.00472544849778555,0.01924475330868421
2024-12-25,BITCOIN,98695.714007826,49169088282.15742,1951173788529.116,-0.004901519664,30,0.04280001023408508,0.02934931168937621
2024-12-26,BITCOIN,99344.95417367227,33963749856.44743,1966481159354.1177,0.031791862177,34,0.00657820020223764,0.02238945134729783
2024-12-27,BITCOIN,95678.31244565404,45049342388.18843,1894744251986.1084,-0.007924334367,33,-0.03690818279112906,0.02482395629688153
2024-12-28,BITCOIN,94331.94727053076,41498540807.666954,1867708753554.924,-0.022371628841,26,-0.01407179057310426,0.02515774693001045
2024-12-29,BITCOIN,95184.61945288602,22429850903.940086,1885556552231.4312,0.016554179923,26,0.00903906054128089,0.0256854924319101
2024-12-30,BITCOIN,93663.44751964069,24065314499.502274,1854872605738.8088,0.032298352341,34,-0.01598127871907173,0.02506533005064218
2024-12-31,BITCOIN,92627.28213113276,57595164139.4709,1833188187477.531,0.009003768809,30,-0.01106264413650393,0.02529793704845262
2025-01-01,BITCOIN,93507.85874741492,45327464907.74362,1851839954625.13,0.02695001891,24,0.00950666581186632,0.01709578038215874
2025-01-02,BITCOIN,94384.1761153871,23275007789.496338,1869193319140.2424,-0.016486467437,30,0.00937159057763614,0.01750834844103872
2025-01-03,BITCOIN,96852.14681235077,45157338602.61752,1917905016063.62,0.106101016801,29,0.02614814048857594,0.01578752341375198
2025-01-04,BITCOIN,98084.34279280754,35721645948.10051,1942834829349.9563,-0.097590528592,23,0.0127224436526343,0.01447769767242614
2025-01-05,BITCOIN,98256.73876849932,20979035420.980793,1946611205641.351,0.074446012779,24,0.00175762992117878,0.01445750422698281
2025-01-06,BITCOIN,98364.58946599838,20060293834.7155,1948339898718.8584,0.04721891149,30,0.00109764173786741,0.0115458720418281
2025-01-07,BITCOIN,102229.39453189744,46111387334.46171,2024825178619.8228,0.022282434933,32,0.03929061349089458,0.01382190557905192
2025-01-08,BITCOIN,96952.09886774956,60610257147.15405,1919133187081.3127,0.026174590833,29,-0.05162209644605942,0.02866942058736373
2025-01-09,BITCOIN,95016.71440989176,65790469838.34392,1885313354913.724,0.052378010046,30,-0.01996227498383318,0.03012268322025612
2025-01-10,BITCOIN,92376.275783461,65850881574.76184,1832933628117.9436,-0.001740151833,29,-0.02778920154026998,0.02961565017198219
2025-01-11,BITCOIN,94736.6267420969,63433655716.757095,1876836759923.398,-0.017837889321,21,0.02555148428118903,0.0313399570750989
2025-01-12,BITCOIN,94559.55167224212,17836423168.41627,1874286243377.8523,0.049803712944,20,-0.00186912998640764,0.03124862493279332
2025-01-13,BITCOIN,94454.77089638809,19608932595.53299,1870314882306.9236,0.057846688411,29,-0.0011080929848023,0.03118744164475992
2025-01-14,BITCOIN,94456.3493746993,76328330233.31137,1870609367804.8225,0.022450634893,27,1.6711472552000117e-5,0.02466762107006302
2025-01-15,BITCOIN,96574.07768799194,51241728228.81719,1912603332624.1123,0.055595535572,30,0.02242017955713926,0.01970585350123864
2025-01-16,BITCOIN,100313.15239828422,57637319739.54339,1986831430651.8647,0.049367865931,31,0.03871716717163309,0.02230282842891093
2025-01-17,BITCOIN,100044.57926776377,50150102497.2729,1980935754458.284,0.01088857961,35,-0.00267734712846134,0.01697049442415607
2025-01-18,BITCOIN,104160.69358484232,69135117732.00064,2063854663834.0776,-0.015664819129,30,0.04114280201091169,0.01988322644746956
2025-01-19,BITCOIN,104334.61575724394,49416447749.13053,2067151195362.0425,0.045453399065,32,0.0016697486010877,0.01945869845697687
2025-01-20,BITCOIN,101275.33714814208,72970313683.92325,2014842808849.5005,-0.016380505755,51,-0.02932179878076046,0.02524624001135188
2025-01-21,BITCOIN,101764.90860170544,120158523166.88388,2017837068202.1384,0.027159855004,45,0.00483406392266316,0.02498410626629467
2025-01-22,BITCOIN,106182.2368201815,95344290057.8965,2098829000928.49,-0.025936828823,39,0.04340718504219265,0.02769899754117624
2025-01-23,BITCOIN,103673.53509537788,55030669602.56557,2054288661793.9773,0.105780004305,43,-0.02362637857264293,0.02842798793177605
2025-01-24,BITCOIN,104067.60991206949,102455227371.2076,2062360759045,-0.041981137078,38,0.00380111294872942,0.02823889205852226
2025-01-25,BITCOIN,104835.19253555956,51418786362.7815,2076156720642.786,-0.016909507001,29,0.0073758071713057,0.02376166216731152
2025-01-26,BITCOIN,104796.04077738234,22740744964.719296,2077647817531.3408,0.020442395279,26,-3.7346006842065016e-4,0.02376694598177753
2025-01-27,BITCOIN,102552.24874280208,20639818380.26942,2036324005947.406,0.019480479288,36,-0.02141103822182311,0.02223042770808022
2025-01-28,BITCOIN,101958.46953745594,93191643783.2474,2019295541213.5288,-0.024190163935,31,-0.00579001643187082,0.02236702047248658
2025-01-29,BITCOIN,101313.11264498268,45780526813.56264,2007072201507.527,0.057825569537,28,-0.0063296055286135,0.01191823794128877
2025-01-30,BITCOIN,103718.97939813643,47425401641.53094,2056581551171.7,0.035864547065,30,0.02374684471085508,0.01393302627080129
2025-01-31,BITCOIN,104781.5135100103,42122570869.034325,2076760153260.6191,0.027574791066,26,0.01024435564290704,0.01441911827225124
2025-02-01,BITCOIN,102382.39409722164,37187819228.35328,2028504133577.489,-0.058245776683,22,-0.02289639968370427,0.01658785309276111
2025-02-02,BITCOIN,100674.78762544956,22827776122.48367,1996423711261.7268,0.052438766882,31,-0.0166787120659686,0.01724693461087677
2025-02-03,BITCOIN,97568.31653024876,59784234332.21204,1933691439792.2544,0.029274479219,47,-0.0308564951411483,0.01897422570758427
2025-02-04,BITCOIN,101466.8606657039,122163969235.23686,2011121374511.8835,0.005304715403,32,0.0399570708411936,0.02600931994100816
2025-02-05,BITCOIN,98118.43921664466,73196693057.98114,1943535291172.1597,0.010956348814,29,-0.03300014829562003,0.02882360820539799
2025-02-06,BITCOIN,96582.88682919052,48848958931.79228,1912584628590.309,0.049643428426,28,-0.01564998790964922,0.02617953608566703
2025-02-07,BITCOIN,96635.41875332213,44462180396.17251,1915093756057.5637,-0.020977652414,26,5.439050939168855e-4,0.02517673941888991
2025-02-08,BITCOIN,96558.4563096667,57077722340.22422,1911296376425.356,0.080419423414,21,-7.964206566111187e-4,0.0248529228123452
2025-02-09,BITCOIN,96558.23762501092,20760850644.84597,1914211835440.1184,-0.007547202716,21,-2.2647903057393393e-6,0.02468876951986189
2025-02-10,BITCOIN,96548.57865379583,25457107581.051964,1913068773356.083,0.069765684048,21,-1.0003259641677698e-4,0.02205955831329323
2025-02-11,BITCOIN,97399.98161383196,37054987393.57789,1930742951090.367,-0.024359869073,22,0.00881838937359291,0.01403523849742894
2025-02-12,BITCOIN,95739.9773707924,36454577154.5622,1898788887978.3252,0.013194494977,22,-0.01704316793016569,0.0094006055958277
2025-02-13,BITCOIN,97836.18856127484,47115618235.19051,1936842454813.9983,0.046929373436,21,0.02189483691189941,0.01171345104396527
2025-02-14,BITCOIN,96561.6639990985,29084371910.690556,1914315097486.3865,0.052890448652,23,-0.01302712810994366,0.01302535006037903
2025-02-15,BITCOIN,97488.48148536457,32289906944.92862,1931656846871.4856,-0.007281113916,17,0.00959819298758901,0.01350786019272233
2025-02-16,BITCOIN,97569.95169430463,14215311318.346336,1934308378710.286,0.021263318666,17,8.356906138937692e-4,0.01349656987467914
2025-02-17,BITCOIN,96149.3484548204,13634794998.739267,1905012222220.3691,0.058626480504,20,-0.01455984362824247,0.01483466198590957
2025-02-18,BITCOIN,95776.15723852724,25324374113.08163,1898997753781.9536,0.078874131713,23,-0.00388137020469281,0.01427133187928881
2025-02-19,BITCOIN,95495.89153299289,38311133144.729355,1892702154844.508,-0.02257340226,21,-0.00292625757406794,0.01276010062938879
2025-02-20,BITCOIN,96554.87156259285,27703222487.389572,1914337919659.5537,0.032312023432,24,0.01108927318861785,0.00997873638386973
2025-02-21,BITCOIN,98384.31738240314,24175261969.81266,1950376106325.3228,-0.003626358398,23,0.01894721405770116,0.01124187198390106
2025-02-22,BITCOIN,96135.15541305284,42477472950.92155,1906058197506.3809,0.074939842068,17,-0.02286098058299446,0.01423273505492937
2025-02-23,BITCOIN,96564.15414290236,18464415570.762142,1915260330870.798,0.06083328595,16,0.00446245421881585,0.01441411667146955
2025-02-24,BITCOIN,96327.46309127836,16643044374.983364,1909625674815.4763,0.025017517366,23,-0.00245112747815023,0.01324974349013174
2025-02-25,BITCOIN,91396.76686930266,45539703844.38777,1814176779160.4363,0.017467341762,43,-0.05118681696520377,0.02370242571406159
2025-02-26,BITCOIN,88755.7693356979,96742453402.56294,1759750360550.3335,0.008827462698,37,-0.02889596234165903,0.02505842551470533
2025-02-27,BITCOIN,83900.11496524839,69277430795.68657,1664314955447.7466,0.042020935136,36,-0.05470804215649505,0.02794723331636902
2025-02-28,BITCOIN,84709.14477847965,81960688217.70384,1679555320077.2097,-0.023426641863,42,0.00964277359532062,0.02596317520478289
2025-03-01,BITCOIN,84441.9012237131,80695237175.07367,1674754437110.342,-0.003660057645,26,-0.00315483712491038,0.02676560638180433
2025-03-02,BITCOIN,86005.25629681018,30634474722.6359,1705564098300.8235,0.165360952057,74,0.01851397292625223,0.02915492682744433
2025-03-03,BITCOIN,94261.5328653844,61859112550.80991,1868321705444.488,-0.002638715605,95,0.09599734858159392,0.05177202992430944
2025-03-04,BITCOIN,86124.71418722175,68715362745.4567,1708198960874.3418,0.023649303772,89,-0.08632173094175011,0.05859267659080249
2025-03-05,BITCOIN,87310.80531078295,65863356680.42408,1731441668069.6523,0.073864123149,68,0.01377178588927252,0.05815162859301763
2025-03-06,BITCOIN,90604.08098523636,51606642859.81411,1797706868227.531,0.068749474393,66,0.03771899323034544,0.05425911441070283
2025-03-07,BITCOIN,90001.40087607042,47555759124.64708,1782785866811.654,0.047257892437,91,-0.00665179871162935,0.05474000116716975
2025-03-08,BITCOIN,86773.33597555371,63216440874.73251,1720436931689.2776,-0.02745135031,59,-0.03586682950592812,0.05738099972791945
2025-03-09,BITCOIN,86142.9833586432,18809360803.37126,1708605516770.228,-0.089029922218,58,-0.0072643584555524,0.05721924468678931
2025-03-10,BITCOIN,80751.13893300897,32013406240.51754,1602073794580.0344,0.06992700069,90,-0.06259180046256474,0.04333851051189
2025-03-11,BITCOIN,78783.94057934263,49983692766.22745,1563547150147.7332,0.046450515513,91,-0.02436124591751365,0.03283526431669275
2025-03-12,BITCOIN,82799.1080292053,56404462275.083046,1642997419531.6057,0.040765930557,68,0.05096428815741993,0.03996845628761966
2025-03-13,BITCOIN,83884.24578828987,41782186208.59073,1662502658717.542,0.028063791696,62,0.01310566967341997,0.03630755406837986
2025-03-14,BITCOIN,81098.90052436228,32583592654.882656,1608477373718.186,-0.008764551399,55,-0.03320462904270904,0.03722841025900491
2025-03-15,BITCOIN,83971.70916064628,28571483950.07465,1665725559905.8198,-0.001846726006,42,0.03542352137586624,0.03995630118538562
2025-03-16,BITCOIN,84391.69087647168,10761796127.312485,1674173293916.4658,0.010667766727,52,0.00500146680380098,0.04005758997810287
2025-03-17,BITCOIN,82610.61750343916,21638031633.118767,1638672153483.722,0.066004201829,50,-0.02110484284098013,0.03187245351070818
2025-03-18,BITCOIN,84075.36559694471,19659366246.596867,1667799227887.438,0.025166125813,49,0.01773074863463608,0.029587030523016
2025-03-19,BITCOIN,82780.03048688271,24557570268.85276,1642578274105.806,0.066805814319,51,-0.01540683291550359,0.02432752143431018
2025-03-20,BITCOIN,86815.44109470697,33871216993.304657,1721565138141.278,0.002985268063,47,0.0487486001646702,0.03043685823555466
2025-03-21,BITCOIN,84270.84358966233,27579127651.06656,1672550706502.8184,0.005424049531,37,-0.0293104253455182,0.02964069491417757
2025-03-22,BITCOIN,84009.532917822,18091004975.919056,1666749159154.2927,-0.022255943446,33,-0.00310084319450654,0.02666579149834201
2025-03-23,BITCOIN,83793.30854192551,7771134681.982918,1662574363663.653,-0.009664786243,33,-0.00257380761904724,0.02659992096375236
2025-03-24,BITCOIN,85787.70914901773,12617587530.619724,1702009594329.4497,0.094439180049,48,0.02380143046976512,0.02627648399948607
2025-03-25,BITCOIN,87327.72969669085,27270889835.1835,1732715331970.134,0.059004741612,47,0.01795152898882079,0.02629346071032149
2025-03-26,BITCOIN,87520.58391530563,30351832942.705593,1735368473904.4883,-0.016055940463,47,0.00220839611065826,0.02472982734074753
2025-03-27,BITCOIN,86960.8555491039,25522877558.70056,1724854479045.6724,-0.006901798573,39,-0.0063953911315695,0.01736343238665761
2025-03-28,BITCOIN,87227.27158032371,24620445368.489468,1729729987159.4822,0.041733432104,44,0.00306363167125667,0.01144275124843608
2025-03-29,BITCOIN,84359.46915506005,31674486232.097313,1673182800974.1038,-0.040041307939,33,-0.03287736017998477,0.01838316163132613
2025-03-30,BITCOIN,82679.17255385047,16837439419.924389,1640665503855.1438,0.024401157893,35,-0.01991829273037571,0.02000184932209665
2025-03-31,BITCOIN,82356.38111183756,13428975108.070734,1633996304187.2593,0.107613716331,49,-0.00390414456316279,0.01654899844780155
2025-04-01,BITCOIN,82514.09365397849,30326148749.91535,1635076581047.3545,0.018932872986,40,0.00191500087803464,0.01357203550743376
2025-04-02,BITCOIN,85237.5876052852,29172899851.734768,1690602036035.04,0.063747468344,44,0.03300640933811416,0.02060017995563723
2025-04-03,BITCOIN,82526.4221526433,46332905657.77597,1637358764747.381,0.038927417825,64,-0.03180715842401194,0.0232466316886896
2025-04-04,BITCOIN,83163.98757387721,36594464539.14662,1652537223074.958,0.02830107577,66,0.00772559144821105,0.023653484605340572
2025-04-05,BITCOIN,83852.00765399594,35647289400.47406,1664234880198.049,0.019661000129,44,0.0082730530388233,0.02098303272142222
2025-04-06,BITCOIN,83595.88550177493,14910400035.531416,1656020067997.187,-0.061875596922,57,-0.00305445462054843,0.01930622512777459
2025-04-07,BITCOIN,78211.48358199988,36140377231.68329,1555325260787.2627,0.049640576805,85,-0.06440989155693222,0.03177236015582347
2025-04-08,BITCOIN,79179.29226757778,82909748172.59216,1581407565278.352,0.044250511898,65,0.01237425300292649,0.03249414194563491
2025-04-09,BITCOIN,76329.090356324,47812787635.22632,1515042499757.3254,-0.027833245037,73,-0.03599680964085705,0.02919561619522637
2025-04-10,BITCOIN,82622.17029546302,87408220482.11568,1640567909122.172,0.027026289585,56,0.08244667805893258,0.0456886272616152
2025-04-11,BITCOIN,79596.35732250768,41213520154.25157,1580023209138.0547,0.023303951975,53,-0.03662228869242723,0.04764186953684542
2025-04-12,BITCOIN,83439.28818043756,39813566443.76779,1655868880454.1702,-0.00480019979,39,0.04828023526703795,0.05176096210029479
2025-04-13,BITCOIN,85305.09728392666,22428929482.06912,1693600655371.0874,0.022828188214,39,0.02236127781260877,0.05236361127184641
2025-04-14,BITCOIN,83600.82010054543,28731125717.934357,1658923208081.8682,0.063076378271,47,-0.01997860898873105,0.04483158252312019
2025-04-15,BITCOIN,84523.4524914945,33155578229.343513,1677843510120.269,0.035095502102,42,0.01103616435627596,0.0448246597791536
2025-04-16,BITCOIN,83656.49248858042,25084671427.622566,1660749023283.0562,-0.012088053113,40,-0.010257034909942,0.04132042756123676
2025-04-17,BITCOIN,84105.77942167096,26948109141.803364,1670497569762.047,0.062029641702,38,0.00537061643065972,0.02819265893249391
2025-04-18,BITCOIN,84930.90857600998,19323821375.14309,1686226810049.1836,0.004747699516,32,0.0098106118273058,0.02216661848172771
2025-04-19,BITCOIN,84433.75017215389,9550691272.782003,1676373197914.5117,0.00644821514,29,-0.00585368050562129,0.01451004857128161
2025-04-20,BITCOIN,85126.66244301842,12635983530.804457,1690090596771.3958,-0.031733144968,32,0.00820657935306368,0.011919573898694
2025-04-21,BITCOIN,85073.16544858096,12625843856.313684,1689008667806.3804,0.055940508014,54,-6.28439937643166e-4,0.00826059731840802
2025-04-22,BITCOIN,87452.04699068287,40070025414.28289,1735703747771.06,0.069392911754,56,0.02796277215686449,0.012537195723921
2025-04-23,BITCOIN,93576.1658857398,53841992235.36636,1858587811717.8289,-0.025933142602,58,0.07002830815051597,0.02590715905046275
2025-04-24,BITCOIN,93605.45230873208,39901515879.65954,1858660302322.256,-0.008531640815,48,3.1296882828080186e-4,0.02633349004101052
2025-04-25,BITCOIN,93872.81422867288,30031246761.093452,1864298110563.3408,-0.003805052843,43,0.00285626438787955,0.02672066266359796
2025-04-26,BITCOIN,94773.11200643536,39336184715.04292,1882121595175.8464,0.012175133843,32,0.00959061241702374,0.02534300351547057
2025-04-27,BITCOIN,94644.06637120109,15445392739.787264,1879131951239.1848,-0.054088549188,34,-0.00136162707441245,0.02613592428249446
2025-04-28,BITCOIN,93809.33781968225,15926259371.05796,1862772247122.064,0.114591693553,44,-0.00881966068791861,0.02714425627968435
2025-04-29,BITCOIN,95030.60645474444,31913814736.53902,1887067388174.348,-0.017350078109,43,0.01301862547425392,0.02647620246123584
2025-04-30,BITCOIN,94256.35946318062,25882629766.278942,1870818389258.404,0.0103784327,37,-0.00814734347646761,0.00824430826340901
2025-05-01,BITCOIN,94235.75331048168,26541700309.366142,1871350362569.0933,0.080748084289,45,-2.1861816875068385e-4,0.00825482368268811
2025-05-02,BITCOIN,96426.94522273028,30207566405.46883,1914884389769.3943,-0.003933933762,42,0.0232522353275959,0.01184354515786742
2025-05-03,BITCOIN,96855.5681343944,23276376191.483967,1923251765866.1472,0.006372531498,32,0.00444505330614886,0.01158857123204889
2025-05-04,BITCOIN,95922.86842404422,13797554863.642817,1904894886394.57,0.037461020057,33,-0.00962979959041676,0.01251167872436755
2025-05-05,BITCOIN,94326.62048529249,14903122945.616686,1872812442453.032,0.083433717233,39,-0.01664095293413492,0.01390869863096869
2025-05-06,BITCOIN,94758.8237105546,24086456278.20385,1882511286487.958,0.059791515904,39,0.0045819856901319,0.01301734075518787
2025-05-07,BITCOIN,96854.53198815876,23348052607.071873,1923643840814.599,0.041420763041,39,0.02211623356581138,0.01488287113352744
2025-05-08,BITCOIN,97026.493769668,64376174032.08048,1927134557858.269,0.070385520303,66,0.00177546448244947,0.01480786031720701
2025-05-09,BITCOIN,103076.27555512934,50020047720.65604,2047883753852.6929,-0.015008298634,63,0.0623518541216479,0.0261734647561809
2025-05-10,BITCOIN,102962.540456923,40800894903.23446,2045046445523.524,0.001946958376,46,-0.00110340713800349,0.02644726298051572
2025-05-11,BITCOIN,104630.8792994166,21558992540.04244,2077132539531.3464,0.024109247116,51,0.016203357406392,0.02517570807282308
2025-05-12,BITCOIN,103994.061616746,27389436049.454792,2065659960471.3655,0.031305329614,66,-0.00608632639747064,0.02337326923747777
2025-05-13,BITCOIN,102876.8304286011,43090605819.36596,2044347271866.171,0.019148738884,59,-0.01074322101450642,0.02508614352816708
2025-05-14,BITCOIN,104184.49039270742,33861432519.50822,2069356072124.024,0.047572323029,48,0.01271092780228944,0.02470761968848536
2025-05-15,BITCOIN,103594.42575090707,28398245846.798244,2057798367292.5637,0.034763100836,42,-0.00566365146651071,0.0253096104182468
2025-05-16,BITCOIN,103708.8513642364,31823340473.339912,2060142559914.034,-0.025850289681,41,0.00110455376821594,0.01004323142011596
2025-05-17,BITCOIN,103556.03493982446,25887953182.14765,2057725640290.077,0.051222568049,28,-0.00147351380717974,0.01005660867999033
2025-05-18,BITCOIN,103212.36483885496,18950056010.479057,2050318521477.805,0.049148699268,38,-0.00331868732874141,0.00746759614564894
2025-05-19,BITCOIN,106030.6376831359,30744060179.802963,2104889720872.8303,0.029493485166,53,0.02730557379129039,0.012989501214623691
2025-05-20,BITCOIN,105629.41580436694,43339734153.75087,2098485415895.0496,0.076838462493,54,-0.00378401835107289,0.01200509933027548
2025-05-21,BITCOIN,106786.71995834044,36393687094.25122,2121778617273.821,0.135388183313,75,0.01095626767563384,0.01180567042958553
2025-05-22,BITCOIN,109665.86371625264,60722883113.84,2178838967665.505,-0.092027362252,100,0.0269616274292852,0.01381315812688064
2025-05-23,BITCOIN,111560.356938144,52218408239.45193,2214712145787.249,-0.029087688285,65,0.01727514066540481,0.01377105687248901
2025-05-24,BITCOIN,107216.66856870624,49251745837.96465,2131595896624.441,0.016080973458,47,-0.0389357697362529,0.02324655793093159
2025-05-25,BITCOIN,107831.36374380375,27128230116.51716,2142540077685.2195,-0.034902102598,44,0.00573320532435306,0.02294293730896305
2025-05-26,BITCOIN,108861.81037744328,29652659665.048733,2163072841533.6133,0.085124499536,52,0.00955609386604572,0.02117306757528838
2025-05-27,BITCOIN,109377.71513263127,27950577137.918888,2173059855839.4187,0.043382297072,68,0.00473907932818029,0.0208963660302134
2025-05-28,BITCOIN,109068.45694901443,38978783508.88622,2167551887130.007,0.065612105315,74,-0.00282743320466905,0.02091116888222452
2025-05-29,BITCOIN,107838.18431100152,29794278037.284943,2143342706888.307,0.010056745116,59,-0.01127982069635435,0.01853335076649206
2025-05-30,BITCOIN,105745.41660358038,38279231892.56757,2101348752694.3137,-0.002429453822,53,-0.01940655548674363,0.01723328100072236
2025-05-31,BITCOIN,104010.91956242644,39680060337.610214,2066830946978.0637,0.003957580061,36,-0.01640257419057922,0.01154644066205386
2025-06-01,BITCOIN,104687.50742934884,20432694555.09522,2080467809295.7695,0.055337000945,32,0.00650496957212576,0.0116609896365435
2025-06-02,BITCOIN,105710.00593822816,17721500507.53389,2101178071590.9749,0.046034453679,39,0.00976714924241917,0.01170256197543497
2025-06-03,BITCOIN,105884.74263221148,26313843058.73954,2104229403094.936,0.030822005473,45,0.00165298159273064,0.01136607321953773
2025-06-04,BITCOIN,105434.47745144973,25925661121.080395,2095294001281.4795,0.034341779828,37,-0.004252408511071,0.01134239426702717
2025-06-05,BITCOIN,104812.9182188067,25812143562.79796,2083148839111.2068,-0.003691602175,44,-0.00589521803177917,0.01100519726969695
2025-06-06,BITCOIN,101650.7387545425,39711941132.0234,2020294099992.3677,0.038179445053,42,-0.03016974928283999,0.01388964363647003
2025-06-07,BITCOIN,104409.74967959142,29897390978.090103,2075175500201.4253,0.032631774269,32,0.0271420646701952,0.01749744397269205
2025-06-08,BITCOIN,105681.4546141758,17749731308.73042,2100553336902.5076,0.039023380591,33,0.01217994429147606,0.01793830870418688
2025-06-09,BITCOIN,105692.24740699006,16044679696.270103,2100654769399.4705,0.08789147617,48,1.0212570269452216e-4,0.01756299795476449
2025-06-10,BITCOIN,110261.57485948496,38222993297.50514,2191877481230.9468,-0.040296696281,44,0.04323238046873712,0.02401754952551579
2025-06-11,BITCOIN,110212.73252109604,36303839182.734825,2189350055406.3333,0.047244232616,44,-4.4296790111297835e-4,0.02378729991516212
2025-06-12,BITCOIN,108679.9760916168,30338936631.626648,2159529375273.4956,0.078098342204,42,-0.01390725367584777,0.02466489646869384
2025-06-13,BITCOIN,105979.22902375912,35865159511.38857,2107911943768.2988,-0.020584675229,46,-0.02485045695612742,0.02343598438733996
2025-06-14,BITCOIN,106045.56440819205,49471015505.74361,2107973087547.792,0.012425631788,32,6.259281657732263e-4,0.02155594182386681
2025-06-15,BITCOIN,105482.90611628916,17916412455.866283,2097486541223.27,-0.049965305931,33,-0.00530581637282878,0.02124736518154888
2025-06-16,BITCOIN,105554.49383061715,16568441852.649668,2098499110552.6216,0.079107725854,42,6.786664964373301e-4,0.02124929718928553
2025-06-17,BITCOIN,106951.2720181497,32095957011.724205,2127895470544.7175,0.033666092722,42,0.01323276856193311,0.01215837422426481
2025-06-18,BITCOIN,104683.42479835715,38603212010.889435,2080968120976.949,0.065293540143,38,-0.02120449039079863,0.01352183736893849
2025-06-19,BITCOIN,104722.695052907,30339326410.154945,2081677732261.6853,0.054125603207,34,3.751334523636185e-4,0.01342661699871892
2025-06-20,BITCOIN,104690.65002458123,18063282658.152294,2081355279873.408,0.059378680127,35,-3.0599888887106186e-4,0.01027725681661144
2025-06-21,BITCOIN,103290.105144757,30632751225.407444,2054120245608.2085,-0.041265185479,31,-0.01337793661129604,0.01108050545147232
2025-06-22,BITCOIN,101532.5683847329,21644463198.719532,2017415966695.528,-0.008374258293,51,-0.01701553849287873,0.01219136733150264
2025-06-23,BITCOIN,100852.58264648831,51287142390.02526,2005179769771.7349,0.081384187112,48,-0.00669721793767641,0.01189623244680928
2025-06-24,BITCOIN,105511.62437933136,50011797128.6837,2097741233586.592,0.060414497443,41,0.04619655352975993,0.0226445877188503
2025-06-25,BITCOIN,105976.06929808448,31704641076.941063,2107110352429.8032,0.031279625096,42,0.0044018364941798,0.02097915489809172
2025-06-26,BITCOIN,107238.53045016268,30468274982.034847,2132141147369.0017,0.031881745628,39,0.01191270029583013,0.02128673114596939
2025-06-27,BITCOIN,106984.01253775664,24320699663.15122,2127292099754.93,0.108481511936,40,-0.00237338120298413,0.02136396049569128
2025-06-28,BITCOIN,107078.91560644074,25194306261.888832,2129020567385.9597,-0.027531564469,29,8.870771102422736e-4,0.02015493047664485
2025-06-29,BITCOIN,107331.58548463575,8960877693.57604,2134239999929.6584,0.039604328698,34,0.00235966041273427,0.01776319974983598
2025-06-30,BITCOIN,108396.61631317894,14881078675.366829,2155183166489.813,0.053501193325,43,0.00992280905694453,0.01652348054053125
2025-07-01,BITCOIN,107132.79910701896,22489515582.41552,2130471589191.581,0.033478171257,38,-0.01165919425481476,0.00789058902202281
2025-07-02,BITCOIN,105613.39974163056,25033160828.30909,2100087563077.9324,0.038426421572,43,-0.01418239211570138,0.00989981039237656
2025-07-03,BITCOIN,108824.44423167944,36395184773.06136,2163835371770.0977,0.052161595779,44,0.03040376029844971,0.01493440511689134
2025-07-04,BITCOIN,109602.20483914016,29892049537.628605,2179664531219.9343,0.027254718843,37,0.0071469292855284,0.01488254182560213
2025-07-05,BITCOIN,108040.8919400104,24248906784.57383,2148601712907.3433,-0.026971631729,35,-0.01424526907484435,0.01636017553465367
2025-07-06,BITCOIN,108217.46849992426,10042942280.966904,2152344091389.654,-0.016699658783,34,0.00163434933517492,0.01635532406342393
2025-07-07,BITCOIN,109215.19771840284,14638669497.351295,2171497503296.047,0.090072709874,42,0.00921966880494218,0.01629550841707342
2025-07-08,BITCOIN,108300.71675785031,25493246475.80407,2153777588647.4504,-0.024000024787,40,-0.0083732024448685,0.01590641110673649
2025-07-09,BITCOIN,108953.19187727802,20488865138.27645,2167049398056.7417,0.170724734202,48,0.00602466113762267,0.01430567193398841
2025-07-10,BITCOIN,111327.53054245668,37078460440.66385,2215210888568.426,0.094252616874,68,0.02179228184386805,0.01187506289207441
2025-07-11,BITCOIN,115879.65030112496,56204086624.04028,2303292356999.7437,-0.039472271985,93,0.04088943441471771,0.0186219404970722
2025-07-12,BITCOIN,117571.02510036016,64185145923.88688,2338612196961.7437,0.055958693331,55,0.01459596050592138,0.01582572794154015
2025-07-13,BITCOIN,117418.95745007684,24351256098.393543,2335485977830.673,-0.020487308925,56,-0.00129341094162882,0.01618773776258638
2025-07-14,BITCOIN,119117.55666327637,27310851454.97692,2369050366835.5605,0.002175683162,100,0.01446614115886468,0.01616782957988659
2025-07-15,BITCOIN,119833.67446712356,68915956378.80447,2383825813673.847,-0.019239114043,75,0.00601185773035561,0.01380074025286032
2025-07-16,BITCOIN,117678.19493404306,80299520980.2335,2341223394839.9204,0.072984522661,70,-0.01798726061489375,0.01848763862721138
2025-07-17,BITCOIN,118748.1627367753,50374263848.76278,2363194640209.576,0.010109501237,85,0.00909231997764692,0.01788963125754361
2025-07-18,BITCOIN,119445.36520434044,49282617205.72662,2376237382764.3013,0,77,0.00587126951269634,0.0112965296654942
2025-07-19,BITCOIN,117988.94664455787,58896449260.69391,2347165317624.536,0,76,-0.01219317766989946,0.01179118884464066
2025-07-20,BITCOIN,117901.62655900871,23934511126.349533,2345398337785.541,0,75,-7.400700492072865e-4,0.01177848722545102
2025-07-21,BITCOIN,117256.9208222684,36702153882.06748,2333757287859.664,0,80,-0.00546816660258409,0.01018176450392154
2025-07-22,BITCOIN,117482.46977767294,46344384345.39471,2337365497467.1313,0,67,0.00192354492871626,0.00973974484055586
2025-07-23,BITCOIN,119955.79570607652,58939000420.94166,2387516761560.4927,0.021281443406,62,0.02105272329637064,0.01071327508742135
2025-07-24,BITCOIN,118629.05588130427,45225685167.61703,2359931875300.5244,0.060326565944,59,-0.01106023945706735,0.01142209948780254
2025-07-25,BITCOIN,118354.43517438594,51940414419.3327,2354764508342.9937,-0.014632958294,65,-0.00231495315273433,0.01112552254076577
2025-07-26,BITCOIN,117540.8083708574,91617702596.10349,2338855554998.7812,-0.025865261417,53,-0.00687449356950342,0.01041297745649451
2025-07-27,BITCOIN,117959.54234360624,25145925063.881348,2346959472845.027,0.094327085076,60,0.00356245612526051,0.01052266940357113
2025-07-28,BITCOIN,119418.91405141471,30220402191.467663,2376524838793.0137,-0.016927831565,62,0.01237179865921689,0.01108955631519201
2025-07-29,BITCOIN,118003.30201607826,43433742203.62158,2349472897426.4688,0.032955961505,69,-0.01185416938833472,0.01238972114538478
2025-07-30,BITCOIN,117853.30892863822,42860287143.68828,2345126504020.1143,-0.001301618418,82,-0.00127109229044797,0.00855747336299114
2025-07-31,BITCOIN,117833.24087995924,43054424656.58649,2343717963709.7124,0.045032433553,78,-1.702798916839443e-4,0.00768554776868291
2025-08-01,BITCOIN,115700.00243915782,45238249453.35885,2302199162425.1206,0.036010400264,75,-0.01810387650268086,0.0100964777738945
2025-08-02,BITCOIN,113234.6051343189,65794680822.25255,2253609880959.403,-0.031031670804,40,-0.02130853286831491,0.01222385663370957
2025-08-03,BITCOIN,112554.90232221724,33543439044.09785,2240413983638.112,0.107927885468,39,-0.00600260681171993,0.01159244179153155
2025-08-04,BITCOIN,114199.10966460756,24689273719.085533,2272802075267.0376,-0.016471963027,51,0.0146080473481589,0.01221702789840622
2025-08-05,BITCOIN,115138.68613070175,32488023582.82734,2292395156144.1514,-0.024004381018,53,0.00822752882096589,0.01302650289650256
2025-08-06,BITCOIN,114128.35408881678,37316213251.97167,2271583255077.356,0.052989280274,54,-0.00877491376563122,0.01312744453994336
2025-08-07,BITCOIN,115022.09576830892,32052509631.058872,2289295036528.6577,0.041660598848,53,0.00783102224357512,0.01389362512842284
2025-08-08,BITCOIN,117463.47451085236,38289687095.00489,2337732858703.5435,0.009153512956,54,0.02122530220159735,0.01485665034066074
2025-08-09,BITCOIN,116688.36663186055,33017415812.97353,2323026541073.3213,5.74111241e-4,48,-0.0065987140446810404,0.01166525937554393
2025-08-10,BITCOIN,116510.08393213755,27638785406.21056,2318815857401.68,0.076918356268,55,-0.00152785324594917,0.01111228978984371
2025-08-11,BITCOIN,119266.92516880557,37157754754.85189,2374097296837.8896,-0.061760791954,63,0.02366182517106208,0.0128138057460552
2025-08-12,BITCOIN,118773.79960860992,61739781527.95854,2364060561672.9995,0.047482574618,49,-0.00413463799370772,0.01334353170507684
2025-08-13,BITCOIN,120202.53485503166,46941089789.57991,2392854421745.6157,0.126664871861,56,0.01202904387272107,0.0121507953968278
2025-08-14,BITCOIN,123560.99363577303,61818118105.53991,2458895200752.567,-0.072745213614,62,0.02793999964137028,0.01440976638854009
2025-08-15,BITCOIN,118405.59579823952,73822008367.99681,2360043737045.272,0.005565949312,51,-0.04172350582361239,0.02336576682787543
2025-08-16,BITCOIN,117339.79190213275,44268714220.021,2335290383260.173,0.014298734638,35,-0.00900129667792792,0.02351960766548728
2025-08-17,BITCOIN,117501.21653394958,23202714236.542347,2339465736068.208,0.100799323895,35,0.0013757023870593,0.02349246806787928
2025-08-18,BITCOIN,117542.83687778088,20906566026.645443,2340648324181.828,0.002500437525,46,3.542120248538616e-4,0.0213759459697515
2025-08-19,BITCOIN,116256.41276740946,47337926940.98573,2313556987528.4634,-0.017155550721,48,-0.01094430034651128,0.02164886103936348
2025-08-20,BITCOIN,112778.34483555844,46156885037.403885,2245419916215.7417,0.030932605284,46,-0.02991721358897836,0.02262627631327105
2025-08-21,BITCOIN,114252.39755195397,42166369117.006935,2274471285844.184,0.029674459412,42,0.01307035245591548,0.01900545608441941
2025-08-22,BITCOIN,112414.39987336512,32048202090.65466,2238121481749.57,0.067996291265,46,-0.01608716944213839,0.01386682920069451
2025-08-23,BITCOIN,116834.24948202296,50878158870.82928,2326174803320.612,-0.044598010595,33,0.03931746834601957,0.02232780388508047
2025-08-24,BITCOIN,115359.98346714744,27306719885.257973,2296786080139.701,-0.004072910561,35,-0.01261844040948245,0.02276408651108668
2025-08-25,BITCOIN,113399.54847314973,40682656776.69001,2259663171125.389,0.045286630673,49,-0.0169940644500528,0.02335060243095401
2025-08-26,BITCOIN,110185.35443900424,52854872363.936554,2194453712375.598,0.048751201602,45,-0.02834397559269386,0.02497321881251828
2025-08-27,BITCOIN,111842.70999260596,43023800053.0546,2227025695775.593,0.003222070964,41,0.01504152309569573,0.02396836881550808
2025-08-28,BITCOIN,111216.08479629167,36957904262.99581,2215255294289.9937,0.033317126699,38,-0.00560273616720929,0.02317452729585284
2025-08-29,BITCOIN,112525.59740669793,34222495087.206898,2239422945686.892,0.022577816781,35,0.01177448938977487,0.02306728387976073
2025-08-30,BITCOIN,108480.30666639366,51702115726.38959,2160278651486.2852,-0.049434442792,26,-0.03594996012936935,0.01908394208647404
2025-08-31,BITCOIN,108781.95727925688,27799981330.792213,2166165747945.1812,0.012105680798,25,0.00278069469134956,0.01966233312141215
2025-09-01,BITCOIN,108253.36092385623,26140904019.246822,2155694976689.5984,0.041841964029,28,-0.00485922820862338,0.01928758459340002
2025-09-02,BITCOIN,109162.68557992298,42999610648.39302,2174100506466.432,0.00119452584,34,0.00839996696921363,0.01722625649039835
2025-09-03,BITCOIN,111190.18209845416,50235464642.845955,2212595221503.454,0.049573249967,32,0.01857316451826163,0.01782268237582172
2025-09-04,BITCOIN,111711.51977725116,36406080683.42747,2225365905592.233,-0.028026393872,32,0.00468870244618724,0.01777503215309867
2025-09-05,BITCOIN,110724.736377486,38708366685.43147,2204051936301.3257,0.032472275505,30,-0.00883331819075405,0.0173506565818254
2025-09-06,BITCOIN,110662.18112628513,56020470627.40665,2204045604630.5625,0.011347173146,22,-5.649618436445181e-4,0.00902765993117277
2025-09-07,BITCOIN,110209.1888247784,19340758702.076332,2195288669199.568,0.052067345506,23,-0.00409346984576231,0.00940664510859691
2025-09-08,BITCOIN,111131.9923868407,22147049159.335133,2213764479139.3647,0.034705646999,30,0.00837319983844064,0.00914758676630012
2025-09-09,BITCOIN,112025.12878118773,37159847899.8603,2231763512226.867,0.012875066489,28,0.00803671719695331,0.0091180718173327
2025-09-10,BITCOIN,111547.43956434788,45338021458.38368,2222026777598.0474,0.017434990924,28,-0.00426412557643984,0.0066879606647378
2025-09-11,BITCOIN,113975.32489468766,52205187155.05567,2270241314652.7144,0.060053243908,23,0.02176549582690512,0.01050521064057328
2025-09-12,BITCOIN,115503.16663193036,43752917632.95067,2299764311655.674,0.009858125155,25,0.01340502199624715,0.00969048335775695
2025-09-13,BITCOIN,116160.14344594492,51192951485.864395,2314347371939.946,-0.008379534,22,0.00568795499874141,0.0092526622982325
2025-09-14,BITCOIN,115970.58488443034,30063858747.76022,2310166037871.29,0.024437954184,23,-0.00163187265348707,0.0087968916114959
2025-09-15,BITCOIN,115373.55555886828,26889399414.610912,2297459118244.424,0.021199394855,26,-0.0051481099811389,0.00994191324696173
2025-09-16,BITCOIN,115397.25272727507,46947581231.08198,2297977599504.5527,-0.001291860414,29,2.0539514702488937e-4,0.01003688531126589
2025-09-17,BITCOIN,116762.8496864193,39964451595.09973,2325326932460.9644,0.049059362145,33,0.01183387755661402,0.00958469012723331
2025-09-18,BITCOIN,116455.9464822532,54740952295.37868,2321583680138.891,-0.020947355668,34,-0.0026284319455232,0.00731194379437657
2025-09-19,BITCOIN,117145.49508952006,43642467075.25838,2333705338232.097,-0.011012196316,35,0.00592111118492311,0.00598055200267408
2025-09-20,BITCOIN,115655.81046441344,34296721252.33001,2303469041668.8,0.037570174577,26,-0.01271653360607871,0.0078575830942272
2025-09-21,BITCOIN,115715.51536781774,18774953731.290394,2305371926506.302,-0.030690759464,23,5.162291731350965e-4,0.00785228139699512
2025-09-22,BITCOIN,115304.47999407038,18659113982.495464,2297332085237.645,0.049809052789,37,-0.00355211980382086,0.00770951874043954
2025-09-23,BITCOIN,112696.74101711863,69152342029.46799,2245929069310.8535,0.066342584748,34,-0.02261611150829401,0.01148130149250143
2025-09-24,BITCOIN,112022.16587861197,46154878824.043465,2232693472656.6514,-0.009708493147,31,-0.00598575551003921,0.0093364439640473
2025-09-25,BITCOIN,113320.56908541008,46677543220.334526,2257741194218.8286,0.069836638979,38,0.01159059188522637,0.01146284827970009
2025-09-26,BITCOIN,108963.53013595636,74481796351.47305,2171950311711.4429,0.025271971257,35,-0.03844879164143466,0.01638141021045241
2025-09-27,BITCOIN,109710.20874667744,55257214020.568245,2185866776171.5464,0.006520652531,26,0.00685255525210548,0.01750621258165871
2025-09-28,BITCOIN,109654.81021075726,23294896964.31016,2185203231301.056,-8.60397554e-4,24,-5.049533361849434e-4,0.01743357189690186
2025-09-29,BITCOIN,112142.57362752674,31274654338.51212,2235798877396.134,0.036593523154,34,0.02268722559446301,0.0209050858357253
2025-09-30,BITCOIN,114309.15041119448,57833295882.65785,2278362523594.3135,0.0086772791040000009,30,0.01931984181907453,0.02061266099367455
2025-10-01,BITCOIN,114024.22783550054,57718901820.70616,2272137555069.4507,0.090549744068,42,-0.00249256139748221,0.02042241660175911
2025-10-02,BITCOIN,118503.24451752484,69920179085.4708,2359569556068.08,-0.012356390555,42,0.03928127177047003,0.0246685907907678
2025-10-03,BITCOIN,120611.71911591051,71252850672.75252,2399524207991.5527,0.02440113876,42,0.01779254742745784,0.01464751663032461
2025-10-04,BITCOIN,122250.15186842805,83155430408.51796,2436956902844.7153,-8.7310782e-5,28,0.01358435784289713,0.01426194088503279
2025-10-05,BITCOIN,122380.93708463266,35161626561.80918,2438832157552.7866,0.020782580404,37,0.00106981639045633,0.01397384307453008
2025-10-06,BITCOIN,123506.18520027678,72011486031.26575,2461221856764.1885,0.103132450605,44,0.00919463555721877,0.01380987820194592
2025-10-07,BITCOIN,124773.50823074432,69605991064.72382,2486073086655.2866,0.084431302652,45,0.01026121103499755,0.01364785866974066
2025-10-08,BITCOIN,121518.75593575073,76087884719.80028,2421938444026.2783,0.035365102589,40,-0.02608528317545244,0.01962203249999106
2025-10-09,BITCOIN,123352.50487523204,62576032795.36722,2459003621170.118,0.016643749015,38,0.01509025438386535,0.01506200855609916
2025-10-10,BITCOIN,121698.03066778315,72097306668.91356,2423288659157.484,-0.025532360672,45,-0.013412570819882,0.01554627368068644
2025-10-11,BITCOIN,113201.74064138904,151002213089.8765,2265659827789.9917,0.063577276092,64,-0.06981452353643813,0.02993665432516416
2025-10-12,BITCOIN,110853.11663883904,108643865752.17674,2211404015103.109,0.054475403267,62,-0.02074724283604612,0.02966238532510648
2025-10-13,BITCOIN,115189.5714637257,93857100744.12454,2294724465036.9785,0.047205995029,54,0.03911892562312791,0.03515107762641877
2025-10-14,BITCOIN,115222.28302116522,68935270367.04033,2296863527017.9863,0.018362341825,48,2.83980199108802e-4,0.03441701589837662
2025-10-15,BITCOIN,113156.56943826911,91211854988.91518,2257545230986.014,0.061979119697,43,-0.01792807370876892,0.03394792963836347
2025-10-16,BITCOIN,110708.66960879424,68877328886.40259,2207742082237.0483,0.037631966398,46,-0.02163285650693325,0.03228803117310826
2025-10-17,BITCOIN,108076.72862033188,84773160808.27399,2154964541836.455,-0.011901445172,53,-0.02377357615950681,0.03244685432214517
2025-10-18,BITCOIN,106443.61194984637,94325236794.78165,2123017949517.1423,0.001616082138,37,-0.01511071524215523,0.02248350337315569
2025-10-19,BITCOIN,107156.00337647724,34412835719.61292,2135575517405.9185,0.021763628844,34,0.00669266491038045,0.02239261674779289
2025-10-20,BITCOIN,108621.134857428,45373692612.394394,2165367850075.004,0.049884066861,41,0.01367288285102641,0.01493062477092584
2025-10-21,BITCOIN,110608.5714932665,60452111148.14008,2205571381112.93,0.028134254492,41,0.01829696070149822,0.01790407919505978
2025-10-22,BITCOIN,108486.1026271664,105841401713.00195,2162410619417.9111,0.020830804668,40,-0.01918900892983077,0.01805352691313352
2025-10-23,BITCOIN,107618.4266715404,83996418125.93103,2145773248654.6448,0.025807979248,35,-0.00799803785566832,0.01675759035943474
2025-10-24,BITCOIN,110048.51827291628,56192643013.57058,2193901841033.9053,0.015940694096,35,0.02258062746812617,0.01676130500097906
2025-10-25,BITCOIN,110997.80437129698,49120903424.344864,2213306367536.756,0.060373628992,26,0.00862606887651584,0.0148478189250904
2025-10-26,BITCOIN,111620.3093731354,23214874411.21217,2224861052775.0015,-0.004030196967,29,0.00560826410364012,0.01484623070136758
2025-10-27,BITCOIN,114476.01227508576,42483268634.18711,2283691326423.212,-0.029712836329,36,0.02558407979684096,0.01647334853250696
2025-10-28,BITCOIN,114182.79442806762,63764801510.65889,2276235094681.6714,0.067982136994,34,-0.00256139116999942,0.01610768148676556
2025-10-29,BITCOIN,112950.34863259472,66299512352.17796,2254003248725.4917,0.06477883091,37,-0.01079362089223789,0.014239857498826
2025-10-30,BITCOIN,110046.66925837284,64235327509.05742,2194746293754.542,-0.00865192514,44,-0.02570757336630258,0.01814954215419252
2025-10-31,BITCOIN,108240.76528725718,72648897659.94229,2157803742876.0747,0.021873354492,41,-0.01641034647650863,0.01721743044938508
2025-11-01,BITCOIN,109573.90555629117,58800487940.5146,2185193896779.3408,0.020241976539,36,0.01231643425188266,0.01765637459873632
2025-11-02,BITCOIN,110014.13556776088,24938475577.84992,2194075979770.0625,NA,30,0.00401765374004625,0.0175564595619925
2025-11-03,BITCOIN,110650.2092823146,35098774843.7742,2201849942058.28,NA,44,0.00578174533000752,0.01351264762327444
2025-11-04,BITCOIN,106521.0867382576,75068433317.86293,2123664079961.7024,NA,67,-0.03731689773420921,0.01815551148877463
2025-11-05,BITCOIN,101635.2740227234,108965721650.60307,2026091188341.184,NA,57,-0.04586709416079815,0.02275497110326442
2025-11-06,BITCOIN,103877.9596595516,77083907216.62631,2073000557933.8025,NA,50,0.02206601653208295,0.02586878842481801
2025-11-07,BITCOIN,101322.6402945857,64118217249.57436,2019147576692.263,NA,47,-0.02459924485752962,0.02649453138215245
2025-11-08,BITCOIN,103396.084215925,93627003785.31018,2063021740892.1377,NA,36,0.02046377705230506,0.02774107100073742
2025-11-09,BITCOIN,102290.13714655169,51095924202.31797,2039995976869.1492,NA,36,-0.01069621811850973,0.02723849788339445
2025-11-10,BITCOIN,104709.67861656273,59952468437.71812,2086419359800.0503,NA,43,0.02365371224934986,0.02969385820110161
2025-11-11,BITCOIN,105909.07272321742,67546556819.52642,2112747067951.9028,NA,42,0.01145447223696272,0.0271352350435968
2025-11-12,BITCOIN,102960.77564500563,71008299178.73956,2053215927640.825,NA,42,-0.02783800294349536,0.022586169150362
2025-11-13,BITCOIN,101521.70859453591,63332414142.58827,2025837265459.757,NA,52,-0.01397684741062366,0.02134258768942597
2025-11-14,BITCOIN,99730.4533956204,100463341916.4732,1996168972711.9963,NA,68,-0.0176440607995435,0.02031057437706688
2025-11-15,BITCOIN,94456.39368235336,113198323665.38872,1891799949910.1116,NA,48,-0.05288314184580489,0.02509591524904279
2025-11-16,BITCOIN,95508.31019889197,39062120798.23745,1905234340631.9912,NA,50,0.01113653057807906,0.02667348562388203
2025-11-17,BITCOIN,94411.32947182968,72645149972.7847,1883240679702.743,NA,63,-0.01148570972282814,0.02236540886852867
2025-11-18,BITCOIN,92036.7255045672,95794596045.06412,1835458818945.896,NA,81,-0.02515168444875026,0.01937531047880868
2025-11-19,BITCOIN,92819.759215009,103837258806.01602,1851234710246.605,NA,71,0.00850783973624658,0.02157375373208313
2025-11-20,BITCOIN,91363.27838693369,82897875507.45229,1820062799702.324,NA,77,-0.01569149543581005,0.02157656330464235
2025-11-21,BITCOIN,86649.97257918229,99171039191.1295,1731258563683.129,NA,100,-0.05158862390850316,0.02574802128045555
2025-11-22,BITCOIN,85051.8019295002,135093457122.46468,1697723941246.048,NA,65,-0.01844398332869234,0.021218960774253368
2025-11-23,BITCOIN,84682.62429147748,42644968955.2184,1690556523055.809,NA,53,-0.00434062100564003,0.01874319679230077
2025-11-24,BITCOIN,86783.84766839583,60446592409.29218,1732233225777.4016,NA,63,0.02481292230252507,0.02459394985602875
2025-11-25,BITCOIN,88229.35740719768,77606296173.43544,1761564072532.238,NA,55,0.0166564375472864,0.02582814750485888
2025-11-26,BITCOIN,87310.33159950442,67956444142.18749,1742162762885.542,NA,50,-0.01041632665929714,0.02506912357702716
2025-11-27,BITCOIN,90474.22677969698,69690430587.90018,1806439309544.997,NA,NA,0.03623735155085028,0.02979934142037794
2025-11-28,BITCOIN,91279.06057176425,59295194347.668594,1821778517479.9224,NA,NA,0.0088957244589336,0.01977174028877072
2025-11-29,BITCOIN,90950.37695910994,62833195066.53989,1814919896425.408,NA,NA,-0.0036008654185905,0.0171287867896591
2025-11-30,BITCOIN,90841.45258193676,39253888201.69327,1812771321410.944,NA,NA,-0.00119762425198244,0.01673454771029545
2025-12-01,BITCOIN,90406.28448571144,40334819409.843475,1807818977105.3909,NA,NA,-0.00479041322938778,0.01615625200362408
2025-12-01,BITCOIN,86675.71579486522,92503580665.52077,1725896908558.6182,NA,NA,-0.04126448412373196,0.02310731104219147
2024-12-02,ETHEREUM,3708.8072387383017,29705280034.45904,446664514864.58777,0.007968189421,59,NA,NA
2024-12-03,ETHEREUM,3643.855375704235,49031522663.40944,438825980701.30023,-0.068132421707,51,-0.01751287108039689,NA
2024-12-04,ETHEREUM,3625.71045794972,39557549415.34987,436691206026.36835,0.094648569475,65,-0.00497959328339359,NA
2024-12-05,ETHEREUM,3839.443460715871,59744855714.19937,462490222624.56714,-0.007639557844,100,0.05894927497520386,NA
2024-12-06,ETHEREUM,3796.868867160128,64995601294.502495,457067221118.4413,-0.025426127478,88,-0.01108874085303113,NA
2024-12-07,ETHEREUM,4013.726145388712,55954471926.67034,483422504163.839,7.44641296e-4,74,0.0571147663550422,NA
2024-12-08,ETHEREUM,4000.992076502189,21959792763.543846,481889176555.6843,0.010949652294,63,-0.00317263022569525,NA
2024-12-09,ETHEREUM,4015.7820212328807,20728146237.12733,483642898147.5037,0.11225256762,61,0.00369656936277196,0.03222575938081624
2024-12-10,ETHEREUM,3713.3138979971745,59141397866.09827,446571271919.9886,0.007429285936,58,-0.07531985591758927,0.04562704331668162
2024-12-11,ETHEREUM,3626.588641777499,63643513993.15369,436749626813.98615,-0.005024378968,54,-0.02335521816953079,0.04671847974930449
2024-12-12,ETHEREUM,3828.1075883404096,38471623681.40909,461075934206.2153,-0.014619963448,58,0.05556708148298273,0.04603140580038596
2024-12-13,ETHEREUM,3878.850012073054,47474608675.336655,466883095805.38696,0.008303848179,51,0.01325522403999168,0.04593016641581538
2024-12-14,ETHEREUM,3907.429659505336,36218321642.49857,470469907671.53613,0.026577963319,47,0.007368072326418,0.03977241655133863
2024-12-15,ETHEREUM,3866.995802034806,28647722345.409325,465713274663.6432,0.028343837029,47,-0.01034794250797821,0.03986583440101275
2024-12-16,ETHEREUM,3961.3154661802305,24816850994.80954,477323245356.1555,0.024980015225,67,0.02439094040283018,0.04128771906461967
2024-12-17,ETHEREUM,3992.857195846062,50679799770.94302,480940541314.61334,0.026662558949,64,0.00796243821910147,0.02525996592306328
2024-12-18,ETHEREUM,3879.4062240100898,32823036037.584606,467508439297.98755,0.054506824017,52,-0.02841348094141727,0.02644100596713214
2024-12-19,ETHEREUM,3628.2624780444953,50734709374.83128,436893612673.4018,0.011931321907,56,-0.0647376767122857,0.03062960274559641
2024-12-20,ETHEREUM,3434.6754695380805,64452959600.86389,413858693686.69867,0.001541057459,50,-0.05335529325065569,0.03342840302602094
2024-12-21,ETHEREUM,3468.658920056454,72936574193.4554,417562064054.3703,0.028466119952,34,0.00989422459844324,0.0337441005774804
2024-12-22,ETHEREUM,3337.5972231166807,32479699770.041058,401314595520.45166,0.026027010325,33,-0.03778454439032597,0.03451239801022225
2024-12-23,ETHEREUM,3275.8894274015142,25811397925.979923,394984656581.5222,0.038055079316,40,-0.01848868859542707,0.028550136695758382
2024-12-24,ETHEREUM,3414.6414419807993,35528067791.09896,411423031050.5532,-0.010272680706,41,0.04235552440161116,0.03712463737958226
2024-12-25,ETHEREUM,3497.5552879275742,24085249644.32143,420708095541.6798,0.06337895221,35,0.02428186014713085,0.04066402962032274
2024-12-26,ETHEREUM,3494.5109273631047,17503804977.00058,421029544401.6013,0.00274189859,38,-0.00087042528676461995,0.03399440506597794
2024-12-27,ETHEREUM,3327.78977616835,21239977785.94795,401038436756.22626,0.031290308849,32,-0.04770943764670388,0.03269393338846303
2024-12-28,ETHEREUM,3328.6111553091764,24582312087.17412,400705550098.4306,0.032806044788,27,2.468242275126542e-4,0.03220808264863548
2024-12-29,ETHEREUM,3397.8341205085153,13861298668.649796,409451576910.996,0.046800565743,28,0.02079635078099384,0.02992834342420556
2024-12-30,ETHEREUM,3357.330742971463,11315432322.371536,404459649875.75726,-0.013726546973,33,-0.01192035164182481,0.02923939247933597
2024-12-31,ETHEREUM,3359.513941757392,27664137021.813133,404631151447.3196,0.033741055228,30,6.502781385180345e-4,0.02384493174855295
2025-01-01,ETHEREUM,3336.6175137659498,21466394178.61746,401972899891.29846,-0.018890738842,28,-0.00681539900961525,0.02082116030931898
2025-01-02,ETHEREUM,3348.967247123586,13440599794.35101,403374380145.697,0.051957946711,34,0.00370127331247416,0.02109767742342272
2025-01-03,ETHEREUM,3448.140436960939,22683249623.05199,415300548992.1061,0.00527919198,36,0.02961306651252937,0.01485596395301076
2025-01-04,ETHEREUM,3604.291379593176,22019312215.306797,434290507752.4077,-0.010289955385,31,0.04528555187556771,0.02089010227892944
2025-01-05,ETHEREUM,3660.37804173532,15951962220.78043,441117087325.0027,-0.02005502264,29,0.01556107879060375,0.02059832423079758
2025-01-06,ETHEREUM,3635.854996180709,12542101206.558632,438092711283.2293,0.070247726713,37,-0.00669959366901506,0.01971109726859899
2025-01-07,ETHEREUM,3687.1447140588302,24440100572.59286,444015369643.70074,-0.004830155621,36,0.01410664559835295,0.01911070046772922
2025-01-08,ETHEREUM,3380.0211263090155,32832589510.813023,406968109533.227,0.010352267992,32,-0.08329577805253319,0.04146873067873971
2025-01-09,ETHEREUM,3325.1300293537356,35080974963.72023,400602495132.5278,0.02926987475,28,-0.01623986800793198,0.04206199028733008
2025-01-10,ETHEREUM,3219.09284475812,30096896683.041233,388324291231.471,-0.024176786961,26,-0.03188963549080359,0.04120191380141196
2025-01-11,ETHEREUM,3269.1759954060667,26722437003.95787,394101246876.45374,-0.013907372917,23,0.01555815661840909,0.03585634579800952
2025-01-12,ETHEREUM,3283.591322828503,11047744222.743229,395839071861.3172,0.035399529831,24,0.00440946814814902,0.03458709669804218
2025-01-13,ETHEREUM,3264.070968533687,9699706283.25854,393199349088.3299,0.038183081363,33,-0.00594481845505701,0.03461795534778941
2025-01-14,ETHEREUM,3134.5520394596483,41743898872.017,377643507549.0125,0.039645531746,32,-0.03968018168802934,0.03307877389422442
2025-01-15,ETHEREUM,3224.8006483414138,22365842880.809456,388487746270.3852,0.034531491752,38,0.02879154907803771,0.0248051309309123
2025-01-16,ETHEREUM,3447.0340476747956,23773995063.82853,415058425772.0614,-0.052613401637,38,0.06891384106105325,0.03704949822194935
2025-01-17,ETHEREUM,3309.4466139900196,25012556602.905136,398587196539.9218,0.086637267359,43,-0.03991473010763724,0.03850347807874911
2025-01-18,ETHEREUM,3477.284285084809,27778832363.7708,419024911827.7939,-0.014141716409,39,0.05071472384092534,0.04228020511451378
2025-01-19,ETHEREUM,3309.0995676199964,32195594202.134895,398761138447.4049,-0.080374560395,46,-0.04836668609069761,0.04771851702454976
2025-01-20,ETHEREUM,3208.1365439891497,59678736709.7496,388676714260.872,0.006410055564,62,-0.03051072401047827,0.04928414524404947
2025-01-21,ETHEREUM,3263.069869880814,49563768850.78339,393073139255.5516,0.043361565567,48,0.01712312588271491,0.04653751859569872
2025-01-22,ETHEREUM,3326.0285404709143,33762939512.697853,400135429379.4123,0.013938528802,42,0.01929430661942888,0.04591973872345941
2025-01-23,ETHEREUM,3237.2996671291435,21782301388.383984,390083338462.87006,0.027898563777,38,-0.02667712326040605,0.03725223953121181
2025-01-24,ETHEREUM,3332.580893146162,33863218042.431107,401547418905.6495,-0.029316145097,42,0.02943231576133764,0.03667039831912787
2025-01-25,ETHEREUM,3311.8499838687,25895320216.86812,398942774193.46027,1.55191895e-4,36,-0.00622067698944617,0.02958330718170252
2025-01-26,ETHEREUM,3320.1314101789453,12706329663.414034,400427749273.5654,0.018870887958,34,0.0025005439106791,0.02315083483679596
2025-01-27,ETHEREUM,3232.2767744705584,13000445022.22209,390058879989.8578,0.017098762218,37,-0.02646119230071431,0.02227478768132524
2025-01-28,ETHEREUM,3173.5346079397173,41151086046.07612,382221069555.6103,-0.076714627199,32,-0.01817361897805391,0.02208608639239899
2025-01-29,ETHEREUM,3076.4937692857234,19807794444.483303,370532757630.7433,0.057478073487,30,-0.03057815673766784,0.02144515452638162
2025-01-30,ETHEREUM,3114.4358854363104,22051422147.78046,375574817164.75665,0.033979027745,32,0.01233290849777857,0.02172348969322896
2025-01-31,ETHEREUM,3248.249484352305,19504592311.356525,391509879851.78656,-0.016725654024,33,0.04296559757153195,0.0255890353744889
2025-02-01,ETHEREUM,3296.390634843652,31441846706.25425,396910231325.1062,-0.020365259411,29,0.01482064438807917,0.02642153634442312
2025-02-02,ETHEREUM,3125.0386801320924,18969060074.552982,376840076476.98303,0.018231166597,37,-0.05198168957899829,0.03271089572087538
2025-02-03,ETHEREUM,2862.6976188716285,38896518795.21238,344091054313.7205,0.027269288081,81,-0.08394810052379098,0.04350774480560743
2025-02-04,ETHEREUM,2877.8138239498767,96588727629.45804,346820394641.11206,-0.047027186635,51,0.00528040578879118,0.04424225141341614
2025-02-05,ETHEREUM,2740.3809762760143,52737830809.63367,329090090858.6241,0.016155260912,41,-0.04775598981772633,0.04582677915450583
2025-02-06,ETHEREUM,2790.5521609256075,30026391038.27177,335828291113.4543,-0.007956394301,40,0.01830810572834007,0.04648192114285218
2025-02-07,ETHEREUM,2686.662316793651,31349967107.97825,323756512126.7498,-0.028947940962,37,-0.03722913536133188,0.03924369929814153
2025-02-08,ETHEREUM,2623.4507017824767,30948837988.08186,315636240722.9841,0.047423570788,28,-0.0235279344992686,0.03503466043689965
2025-02-09,ETHEREUM,2635.6011418023404,16335613332.591797,317758860998.56256,-0.005686035057,27,0.00463147259127394,0.03605185034367782
2025-02-10,ETHEREUM,2632.5358220552475,17155535243.908035,317369673472.60657,-0.01223865717,28,-0.00116304386823751,0.02469213124692925
2025-02-11,ETHEREUM,2660.2967996436387,18843420567.42921,320711545303.1932,0.015126395028,28,0.01054533706846871,0.02536434922744261
2025-02-12,ETHEREUM,2603.0333698049267,21212910085.211273,313943237177.0695,0.011218275021,28,-0.02152520344586461,0.02047569002177967
2025-02-13,ETHEREUM,2736.2703136032396,26503660438.845695,329492522913.44,0.004915522814,27,0.05118526152751457,0.02919804189766561
2025-02-14,ETHEREUM,2675.7090007037627,18938191215.29619,322584072350.2765,0.026349587495,27,-0.02213279609050289,0.02664624150393627
2025-02-15,ETHEREUM,2724.6698335873957,17416785872.704834,328399065363.05505,-0.006095605616,26,0.01829826519653488,0.02521646760175777
2025-02-16,ETHEREUM,2692.8213863864253,8896321414.559013,324625278431.52954,0.014514638575,23,-0.01168891981273112,0.02607080229007809
2025-02-17,ETHEREUM,2659.9017474093457,8757895115.47748,320529173059.00665,0.102789144133,28,-0.01222496194641986,0.02671787531750307
2025-02-18,ETHEREUM,2741.9050800956124,24666373348.432693,330464530098.92377,-0.021276606919,33,0.03082945930846326,0.02884252839096519
2025-02-19,ETHEREUM,2669.4945006896073,24353300611.506603,321688672383.7524,0.014314824758,26,-0.02640885708686902,0.02963027588138268
2025-02-20,ETHEREUM,2714.8018364720533,13398586820.912325,327248168186.7616,0.02932084919,28,0.0169722529005929,0.02251272947641985
2025-02-21,ETHEREUM,2741.5933625994785,14550027648.522173,330517520397.0965,0.069943247541,34,0.0098686857241268,0.02065703919065795
2025-02-22,ETHEREUM,2658.3470942919384,31770375573.3895,320508273451.5576,0.092021367318,30,-0.03036419238650656,0.02296996671590127
2025-02-23,ETHEREUM,2764.355233404291,17576653979.14654,333381856893.82196,-0.005256839674,28,0.03987746345839316,0.02762407040847558
2025-02-24,ETHEREUM,2827.1844084879804,21394599890.269897,340712999974.1412,-0.050160085908,29,0.02272832895152743,0.02734353100940406
2025-02-25,ETHEREUM,2503.103420098605,31014455208.756138,301769340440.05,0.080153961814,41,-0.11463029698961114,0.05210917864792668
2025-02-26,ETHEREUM,2495.315451693047,42875934003.323944,301064649480.5458,-0.011404862634,33,-0.00311132506272993,0.05175656388023046
2025-02-27,ETHEREUM,2325.853934699374,28109120496.698666,280668025121.2334,0.080682687163,33,-0.0679118613555233,0.05468767234594531
2025-02-28,ETHEREUM,2305.3229378029837,89259450649.58,277936135130.74036,0.021177607003,43,-0.00882729417788819,0.05339831308385309
2025-03-01,ETHEREUM,2235.204208608959,32905594283.00643,269516471615.1616,-0.036927841717,28,-0.0304160115896166,0.05339947910071777
2025-03-02,ETHEREUM,2212.8243514969954,16103021679.018568,266823935338.2421,0.008296020091,80,-0.01001244406473778,0.04645814131377719
2025-03-03,ETHEREUM,2517.3382391622977,37907412347.33495,303306117779.7704,-0.016796972648,89,0.1376132215190491,0.07794244647254103
2025-03-04,ETHEREUM,2148.199533470228,33501080617.480988,259111889993.75623,0.016146708517,82,-0.14663850091710728,0.0854173503152126
2025-03-05,ETHEREUM,2171.496943535016,35524086282.76523,261805780842.5489,0.038929121222,64,0.01084508664199979,0.08599656832837989
2025-03-06,ETHEREUM,2241.3841149187283,22236307931.758247,270490243838.00568,-0.026646896816,60,0.03218386817986585,0.08432450971261424
2025-03-07,ETHEREUM,2202.3207363495417,19895800679.328133,265270135615.0983,-0.016543470816,55,-0.01742823923359648,0.08450001119267657
2025-03-08,ETHEREUM,2140.7498089428914,21716710066.08888,257899503839.8083,-0.007353986438,46,-0.02795729359053633,0.08437404890119561
2025-03-09,ETHEREUM,2199.9995000805707,11257666715.795546,265129957012.69815,-0.041556414104,57,0.02767707412149067,0.08505596857543744
2025-03-10,ETHEREUM,2017.265460184326,17577023963.685375,243298514477.01385,0.022279732161,82,-0.08306094610001158,0.06511465710245572
2025-03-11,ETHEREUM,1879.1231054991024,36577317615.21765,226713493940.29108,0.007394981064,76,-0.06848000791755027,0.04530908723955128
2025-03-12,ETHEREUM,1921.3099227587031,30046602111.893852,232024934655.6445,-0.035521383852,61,0.02245026796602323,0.04673178152585983
2025-03-13,ETHEREUM,1910.6551381032464,24499314730.70381,230443739229.907,0.012815751849,58,-0.00554558352572209,0.04214897198691884
2025-03-14,ETHEREUM,1862.7949366490388,19212414462.181553,224658866951.8703,-0.026221538981,55,-0.02504910514710645,0.04211673945897226
2025-03-15,ETHEREUM,1910.6662703455045,12949972214.265629,230476916425.01935,-0.004244365126,42,0.02569865998378806,0.04575799613936453
2025-03-16,ETHEREUM,1939.7856881721348,6944891086.050841,233970291611.3664,-0.060185910552,49,0.01524045212844238,0.04402493295126539
2025-03-17,ETHEREUM,1887.7643429692785,9486242392.181334,227688957214.28125,0.065398582639,46,-0.02681808898790061,0.03392526849809556
2025-03-18,ETHEREUM,1929.183357761872,11251166846.249077,232725366276.39935,-0.008620905531,43,0.02194077610738509,0.02289172249551753
2025-03-19,ETHEREUM,1932.7964059050655,10887619567.393353,233152161415.72287,0.039902798431,50,0.001872838125343,0.02139829565052925
2025-03-20,ETHEREUM,2060.728601068271,20374739988.65224,248434080718.19073,0.005507566475,42,0.06619020750056648,0.03217692500831325
2025-03-21,ETHEREUM,1980.831780524645,14303790085.616615,238984217654.16632,-0.002386664196,36,-0.03877115137927811,0.03504995348795858
2025-03-22,ETHEREUM,1964.5293833168296,9890112887.282017,236980043535.89395,-0.035469014923,34,-0.0082300765608162,0.03475483407245209
2025-03-23,ETHEREUM,1979.5449257665969,6195605844.536302,238753335160.5841,0.051330741573,37,0.00764332800378664,0.03448068559219338
2025-03-24,ETHEREUM,2001.0470230951885,7991413702.677865,241404254258.0785,0.028332325369,46,0.01086214162089027,0.03181437973415124
2025-03-25,ETHEREUM,2077.739325831977,15676451247.546822,250648654235.6259,-0.002759990413,41,0.03832608721916109,0.03350152911849293
2025-03-26,ETHEREUM,2068.598435049149,12563169733.005243,249404519198.06433,-0.025777677784,38,-0.00439944061758945,0.033872144883123
2025-03-27,ETHEREUM,2009.8835432902424,14024859854.906675,242347645799.6622,-0.015655739998,39,-0.02838390030857351,0.02570982235514918
2025-03-28,ETHEREUM,2003.3034241292064,12136188059.422691,241580699763.4796,0.015829041067,45,-0.0032738808091659,0.02051937742994925
2025-03-29,ETHEREUM,1896.9173600459983,18419487648.39739,228784244898.24844,0.034238496316,40,-0.05310531734824531,0.02930262206205384
2025-03-30,ETHEREUM,1829.2745211803465,12924117064.878807,220262156018.88525,0.002444238789,36,-0.03565934936881598,0.03081436615913697
2025-03-31,ETHEREUM,1805.3378779435936,10056531345.160349,217784813538.97607,0.01216063733,41,-0.01308532041506138,0.02930008284613052
2025-04-01,ETHEREUM,1824.207136760985,17022367813.88877,219908040559.4464,-0.009781518724,36,0.0104519265052394,0.02193649456025407
2025-04-02,ETHEREUM,1907.1671522994227,15899367803.5509,230031614721.6339,0.022578889502,38,0.04547730017422236,0.03265222171921321
2025-04-03,ETHEREUM,1795.761850567479,23450470660.978283,216667567217.0052,0.056327389047,54,-0.05841402081491653,0.03698896510799522
2025-04-04,ETHEREUM,1818.2844199542053,16999031833.158594,219762279056.2319,0.009342044184,56,0.01254206919453659,0.03831061249931697
2025-04-05,ETHEREUM,1814.4807753449504,19459233591.298603,218925876283.93597,-0.038671197349,39,-0.00209188648789637,0.03405034378034329
2025-04-06,ETHEREUM,1809.935827172196,6780827627.545529,217957146409.9286,-0.0250055715,55,-0.00250482024087062,0.03141257547187198
2025-04-07,ETHEREUM,1574.6321611455576,23485484227.161697,190295586491.21872,0.027667775607,86,-0.13000663476244445,0.05837143099938434
2025-04-08,ETHEREUM,1555.909812570873,49416724296.56089,188565143892.71408,0.032388580256,66,-0.01188998233153315,0.05716808007987516
2025-04-09,ETHEREUM,1471.3608854365525,22451028357.38476,177496121145.5316,-0.001932084488,76,-0.05434050640417154,0.04980180458539275
2025-04-10,ETHEREUM,1662.5331604641576,41589589714.84994,200623016236.85327,-0.00793082954,59,0.12992888211166798,0.07805858030572702
2025-04-11,ETHEREUM,1523.928624242526,20486375929.10568,183947227079.4255,0.003567547556,50,-0.08336948670722155,0.08209601831706304
2025-04-12,ETHEREUM,1568.131690125936,14195085224.783228,189185664203.6754,0.016180380685,45,0.02900599488731403,0.08417056118673455
2025-04-13,ETHEREUM,1645.8625733156498,11756571644.476357,198696438258.60336,0.007777316638,41,0.04956910422712735,0.08794334415623462
2025-04-14,ETHEREUM,1595.4227460001084,13775001676.60885,192382635779.77805,0.053268682675,42,-0.03064643921875476,0.0719372713979062
2025-04-15,ETHEREUM,1621.543195596693,15415724739.820593,195686083638.74744,0.010872501271,41,0.01637211808724137,0.07168707162239633
2025-04-16,ETHEREUM,1587.82222440214,11786525215.180002,191837036865.40182,-0.00686089935,40,-0.02079560463521557,0.06783722358388304
2025-04-17,ETHEREUM,1577.7073516760115,13120084885.866234,190419833063.11868,0.018132623832,38,-0.00637028035675524,0.04401482036487279
2025-04-18,ETHEREUM,1583.4764497002343,9437178720.867388,191135638825.23685,-7.30046539e-4,36,0.00365663379719571,0.02814958846450967
2025-04-19,ETHEREUM,1589.1516208270757,5254078676.877919,191865697060.91525,-0.018474824348,33,0.00358399465171421,0.02623564421481008
2025-04-20,ETHEREUM,1615.0502549158562,5148626529.402773,194945047366.35385,-0.002736050546,32,0.01629714480944355,0.01791794142004861
2025-04-21,ETHEREUM,1585.4600253443446,6695768150.024456,191374869502.39383,-0.023398060125,46,-0.01832155345101216,0.0150783066326219
2025-04-22,ETHEREUM,1577.4465595922347,15275062279.387148,190376888818.46906,0.042313803171,56,-0.00505434739697674,0.01305055871167865
2025-04-23,ETHEREUM,1759.7064599311093,24271980430.95098,212582611840.14056,-0.015243278153,59,0.1155410934402672,0.04534258687761113
2025-04-24,ETHEREUM,1793.969849485534,22099177230.61867,216572719914.54987,0.009927417908,45,0.01947108244165107,0.04429374851155791
2025-04-25,ETHEREUM,1769.3925107354407,12923295609.972548,213593284213.58224,0.020933141838,41,-0.01369997313898085,0.04577705302140101
2025-04-26,ETHEREUM,1788.7981804331257,15656748328.784924,215954892518.00415,-0.042778988489,40,0.01096741937130674,0.045505203263768
2025-04-27,ETHEREUM,1821.2695303291391,10293614895.776522,219830529458.7114,0.007456441826,39,0.01815260673406493,0.04549981051988778
2025-04-28,ETHEREUM,1793.6918440730135,9632458065.106846,216533502206.27112,0.011814998705,44,-0.01514201264386261,0.04508904242130435
2025-04-29,ETHEREUM,1799.50191449199,16777384305.88931,217264115049.6792,-0.002636683264,42,0.0032391686666664,0.04446842777942564
2025-04-30,ETHEREUM,1796.9720456768928,13994558644.11867,216596941729.71945,0.007361439282,35,-0.00140587169967609,0.0140938520450687
2025-05-01,ETHEREUM,1794.0495408617828,13644627083.285889,216623334477.08453,0.018864915557,46,-0.00162634962638452,0.0121233337683701
2025-05-02,ETHEREUM,1838.8543285925753,14310565589.052694,221969602979.55032,-0.004810671286,43,0.0249741084124524,0.01353292247490026
2025-05-03,ETHEREUM,1841.427590836958,11686301446.49476,222269022299.2824,0.017138207742,35,0.00139938341192702,0.01338211401052026
2025-05-04,ETHEREUM,1834.501911876416,6704990478.824657,221494950784.02625,-8.21727147e-4,37,-0.00376103790070514,0.01208155406613812
2025-05-05,ETHEREUM,1808.156093844096,7479845748.828526,218216268630.8664,0.045392994982,38,-0.01436129221875393,0.01190903188843352
2025-05-06,ETHEREUM,1820.0044598893596,10545233503.347864,219769896301.20087,-0.002730934622,42,0.00655273407290546,0.01206800350623193
2025-05-07,ETHEREUM,1816.168694381844,11950393736.527246,219305875804.5597,0.004302097186,40,-0.0021075583011203,0.01210079369494364
2025-05-08,ETHEREUM,1810.3169269284476,47111217119.49919,218569578701.42172,0.080435901768,84,-0.00322203959989952,0.01218602315230645
2025-05-09,ETHEREUM,2197.5611893238784,35992825075.05399,264994998215.9445,-0.058320100339,100,0.21390965119707817,0.08207077254680774
2025-05-10,ETHEREUM,2341.407963002621,44566779461.54657,282636716534.08844,0.125943224708,83,0.06545746001411668,0.08213690582418856
2025-05-11,ETHEREUM,2583.6829051429513,29947910159.02891,312095621694.1442,-0.054677004146,80,0.10347404039304496,0.08315361839683257
2025-05-12,ETHEREUM,2507.4693107597423,26138286410.23315,302727255563.5134,0.064731727861,89,-0.02949804491545848,0.08535922949646566
2025-05-13,ETHEREUM,2492.426391077375,31524626114.978752,300976824863.0343,0.040166650404,85,-0.00599924378648109,0.08656337478249974
2025-05-14,ETHEREUM,2676.639163127913,32279895881.63781,322977150438.36176,-0.004895782631,73,0.0739090120013175,0.0838288832238827
2025-05-15,ETHEREUM,2603.7180887199615,28150234190.931705,314022060127.0501,-0.031688574831,58,-0.02724352068537172,0.08725646831555746
2025-05-16,ETHEREUM,2542.296692466797,26211434557.7159,306933361055.9317,-0.020767106574,48,-0.02358987961072256,0.05650897194736566
2025-05-17,ETHEREUM,2544.3870377235667,21130441534.96637,307619694635.7725,0.015893396443,46,8.222271078601739e-4,0.05349308980475435
2025-05-18,ETHEREUM,2475.0543933696913,17185510890.702347,298789831687.0011,0.006874604338,56,-0.02724925230554009,0.03695707913302282
2025-05-19,ETHEREUM,2465.3409856139087,24797434472.364086,296863390804.2497,0.027912601811,55,-0.00392452294454759,0.03542750517258462
2025-05-20,ETHEREUM,2526.989643891319,25363871274.82505,305077067863.0779,0.034913073975,56,0.02500613855736411,0.03674287225181941
2025-05-21,ETHEREUM,2524.2743433146065,22871462735.416794,304737250158.37354,0.029696843635,68,-0.00107451986725637,0.0192157721928768
2025-05-22,ETHEREUM,2558.9502343769486,32697477527.54695,308934701949.7151,-0.031074517863,86,0.01373697401559348,0.0186744871146866
2025-05-23,ETHEREUM,2657.1674447566115,29592612076.505535,320733890913.39886,0.016646865025,67,0.03838183684083129,0.0214032318161144
2025-05-24,ETHEREUM,2519.813809045145,30047329191.503662,304038733414.03973,-0.030506047296,47,-0.05169175016896532,0.03085357084681332
2025-05-25,ETHEREUM,2529.4429842284353,10744994421.192684,305369227833.4215,0.026423903265,42,0.00382138360728312,0.02859582132614998
2025-05-26,ETHEREUM,2546.6201163370915,13814697849.726278,307423642894.0653,0.057573668965,49,0.00679087538867606,0.02842058498470339
2025-05-27,ETHEREUM,2562.172928639224,13350148034.293625,309319360637.78375,0.008848316386,63,0.00610723688325465,0.02706836193141342
2025-05-28,ETHEREUM,2662.0940568241435,26434151855.253853,321357595434.52185,0.024613894192,54,0.03899858868542028,0.03028335290581224
2025-05-29,ETHEREUM,2676.2674124507,18008588586.284103,323119009777.13904,0.016314040628,61,0.00532413781181917,0.03018546614238464
2025-05-30,ETHEREUM,2633.1392065286695,27021441335.5195,317891224562.8813,-0.007740202582,47,-0.01611505850326711,0.02760570207667249
2025-05-31,ETHEREUM,2524.4762348050726,22927149330.30469,304659964725.2192,-0.044017829037,14,-0.04126746183953178,0.02452223086009106
2025-06-01,ETHEREUM,2532.3627853090866,13006751258.18768,305718505778.76434,0.046090407304,14,0.00312403436217056,0.02450800941870147
2025-06-02,ETHEREUM,2538.3300584367485,11338340571.11249,306561765778.2403,0.072506686988,15,0.0023564053153362,0.02437292168674453
2025-06-03,ETHEREUM,2609.737253959435,15623967732.418655,314999579353.95825,-0.030001985497,17,0.02813156440603448,0.02664047711737428
2025-06-04,ETHEREUM,2595.4689570062997,15955008730.33818,313315832347.0171,0.053789257913,16,-0.00546733083243822,0.02139290672758552
2025-06-05,ETHEREUM,2610.343189828259,16809606446.176416,315159803382.89014,-0.010955871029,17,0.00573084597363693,0.021421134813663142
2025-06-06,ETHEREUM,2421.601103763502,25849573159.64817,292341916400.9464,0.029221021673,15,-0.07230546803203086,0.03389477123488674
2025-06-07,ETHEREUM,2481.4039836690267,18395107930.47655,299560106673.7574,0.017141678367,13,0.02469559491552209,0.03336774159153148
2025-06-08,ETHEREUM,2526.291995889778,9535426814.691929,304953508465.0457,0.040527413924,14,0.01808976390631045,0.03421658449107494
2025-06-09,ETHEREUM,2508.784123584585,10206893115.537256,302870081038.261,0.021064662659,21,-0.00693026472540692,0.03429788812680016
2025-06-10,ETHEREUM,2685.0001850413178,19485734665.28548,324315565109.11993,0.064376715916,24,0.070239627156502,0.04290280664115017
2025-06-11,ETHEREUM,2808.503208314919,38281210143.95115,339012253954.4242,-0.035623017352,25,0.04599739842166928,0.0451860612893251
2025-06-12,ETHEREUM,2776.1371915822333,27369030837.548595,334990282503.402,-0.023525712828,19,-0.01152429402140686,0.04606104280340468
2025-06-13,ETHEREUM,2653.158968452672,26068993569.969894,320595535562.5316,-0.017299594886,21,-0.04429832340507311,0.03830944914609437
2025-06-14,ETHEREUM,2577.04861752583,38576471746.00814,311111352117.7261,0.028960706551,16,-0.02868669078326269,0.04098770547418941
2025-06-15,ETHEREUM,2534.070219535952,12077031034.29152,306048481935.1591,0.015994438042,14,-0.01667737181890694,0.04140085915849739
2025-06-16,ETHEREUM,2547.8456040920437,11678912429.510712,307537228689.2678,0.010979691227,20,0.00543607057527184,0.04126171013193325
2025-06-17,ETHEREUM,2561.329843569428,24222149649.172424,309982828015.90594,0.032367544995,17,0.00529240840015088,0.02911797317098218
2025-06-18,ETHEREUM,2514.986700576147,25926506708.040215,303697873489.69434,-0.004551356,17,-0.01809339125518394,0.01778479352024415
2025-06-19,ETHEREUM,2521.3334233964915,17800721253.243202,304290652058.44,0.034739910928,15,0.002523561185787,0.019056281247041
2025-06-20,ETHEREUM,2522.1791903642184,10392473841.155851,304481216643.1207,-0.013379680359,14,3.3544431683596443e-4,0.01376702223700266
2025-06-21,ETHEREUM,2405.695434213183,20482816663.29469,290401843920.2328,0.008625498148,13,-0.04618377496573289,0.01894798373979431
2025-06-22,ETHEREUM,2270.581996055585,16155611764.84833,273839538572.25955,0.006752899769,18,-0.05616398328568506,0.02597320866796641
2025-06-23,ETHEREUM,2227.4287266371684,28181442532.315876,268777741291.43988,0.021739136362,20,-0.0190053781336158,0.02431655885891034
2025-06-24,ETHEREUM,2423.899644268608,25494295400.420887,292612668627.3885,0.037112250235,18,0.08820525446309513,0.04730777038324242
2025-06-25,ETHEREUM,2446.539301545049,19669025068.963604,295402538889.65454,-0.008698736348,18,0.00934017929742814,0.04736336959442434
2025-06-26,ETHEREUM,2417.2267855277296,15513055665.262428,291827501114.87933,0.038193017907,16,-0.01198121607889479,0.04739908981467854
2025-06-27,ETHEREUM,2415.0318648765942,16271811388.723804,291547094716.2168,-0.006029331301,16,-9.080325703308968e-4,0.0473778033863418
2025-06-28,ETHEREUM,2423.0302896731746,13100825617.816572,292419308271.8665,0.026145103287,14,0.00331193344191715,0.04380819001921517
2025-06-29,ETHEREUM,2437.133001780241,5787313890.541637,294208600645.2538,-0.002776160578,14,0.00582027891569136,0.03563448775453102
2025-06-30,ETHEREUM,2502.6672721177083,10236257918.833096,302158279316.21674,0.051543921896,21,0.0268899031319163,0.03341463442161351
2025-07-01,ETHEREUM,2488.190781689803,16306915984.938057,300388851494.49866,-0.010459928477,17,-0.00578442471725604,0.01245812570145072
2025-07-02,ETHEREUM,2405.1045592800183,12933967031.524445,290294455719.4809,0.037857527838,19,-0.03339222338624625,0.01836669907183077
2025-07-03,ETHEREUM,2574.067718495133,21862573614.17975,310930535640.4307,-0.006417809581,22,0.0702518975997013,0.0322146553814196
2025-07-04,ETHEREUM,2590.132231590221,19823369642.62606,312621047413.045,0.05750865204,16,0.00624090538864297,0.03194352358496404
2025-07-05,ETHEREUM,2509.236345783362,16377116416.187033,302827514359.61035,0.023247735809,16,-0.03123233818730275,0.03568422461926887
2025-07-06,ETHEREUM,2517.37917835065,6801276942.284494,304028836772.5733,0.065835474027,17,0.00324514371911255,0.03569415007429079
2025-07-07,ETHEREUM,2571.358192115984,9051659015.949968,310345645222.7514,-0.017830313474,20,0.02144254398763245,0.03519773054408297
2025-07-08,ETHEREUM,2543.6317028067488,15947822897.049152,307013209348.5054,0.015372870859,18,-0.01078281874312459,0.03548818362328167
2025-07-09,ETHEREUM,2615.7759888945047,14750377128.581297,315738597830.34283,0.043966299351,27,0.0283627091171057,0.03226533712726226
2025-07-10,ETHEREUM,2772.5795626609174,26626246774.244656,335050165487.70404,0.07096817103,35,0.05994533722770434,0.02928878562404088
2025-07-11,ETHEREUM,2948.4462027029053,39308824585.23128,355346738000.49475,0.003201684454,43,0.06343069191248163,0.03512470268054735
2025-07-12,ETHEREUM,2958.8514450990992,42455550664.554665,357144054434.9151,0.005774709667,26,0.00352905960660065,0.02867022856295467
2025-07-13,ETHEREUM,2942.9616055388096,17472135946.60354,355216449018.5163,0.034707658716,28,-0.00537027284239255,0.02987759430570568
2025-07-14,ETHEREUM,2974.2654952333387,18605172049.087772,359110100026.3572,-0.018019073014,45,0.01063686649381145,0.03024455309524397
2025-07-15,ETHEREUM,3012.1797069059276,41336421998.04408,363606274489.50854,0.069163579779,36,0.01274742007172924,0.02722976564220126
2025-07-16,ETHEREUM,3133.069857747011,43416230283.76601,378233206915.81635,0.043836344536,57,0.04013377773043314,0.02784621092145097
2025-07-17,ETHEREUM,3368.126521526108,54882159731.0286,406599729410.5382,-0.018408741396,85,0.07502439283244255,0.03124616952742181
2025-07-18,ETHEREUM,3481.8828152374017,45678965280.66659,420347293649.25085,0,68,0.03377435288854613,0.02752367505255297
2025-07-19,ETHEREUM,3547.317079001209,72535524453.98022,427841866746.5711,0,69,0.01879278173218646,0.02617025215382246
2025-07-20,ETHEREUM,3594.3185010809702,27017909119.38483,433877664505.94135,0,100,0.01324985081203822,0.02316010113082337
2025-07-21,ETHEREUM,3758.605581813957,55175056732.09093,453825859015.21515,0,91,0.04570743541051758,0.02225214295351279
2025-07-22,ETHEREUM,3765.453624023574,47245582310.60992,454513156113.6638,0,66,0.00182196350762398,0.02429716276828161
2025-07-23,ETHEREUM,3746.940668731632,52357062545.19388,452355960897.7736,0.101166901471,61,-0.00491652723428304,0.02770930033339796
2025-07-24,ETHEREUM,3630.053531480921,47655045407.89862,438111570682.8548,0.027770652987,52,-0.03119535311197729,0.02551822440058087
2025-07-25,ETHEREUM,3708.4299352383423,47332291813.01175,447620332487.87305,-0.00665819564,50,0.02159097739956661,0.02408383850879038
2025-07-26,ETHEREUM,3723.05290927856,48622472830.12327,449379722345.43585,-0.002042016559,46,0.00394317117906606,0.02375942431499029
2025-07-27,ETHEREUM,3742.431425865991,25352434514.72998,451746443518.379,0.03152610957,58,0.00520500703579496,0.02361051638568897
2025-07-28,ETHEREUM,3864.124837465477,26045280361.31318,466077664312.2753,0.014809075654,60,0.03251720546123971,0.02019470440314662
2025-07-29,ETHEREUM,3786.303845995956,38743589826.42135,457680388920.6686,0.008019993343,66,-0.02013935748529383,0.0222189311878262
2025-07-30,ETHEREUM,3788.598371605822,34923369443.87463,457213828532.1186,0.010548466325,76,6.060067293047755e-4,0.02207136289228221
2025-07-31,ETHEREUM,3807.416601082419,28710848449.745983,459449027043.4022,-0.028262971753,72,0.00496706898720966,0.01662396643314934
2025-08-01,ETHEREUM,3696.6628530851194,31312115686.896267,446264222707.4442,-0.005300863654,63,-0.02908894917509497,0.01990076802946044
2025-08-02,ETHEREUM,3483.1789551579504,42431734230.15089,420327732498.1448,-0.002317464427,28,-0.05775043773575461,0.02920332335200592
2025-08-03,ETHEREUM,3397.4855484143177,28164675444.895985,410229849339.571,0.045772857971,28,-0.02460206835389167,0.0289421931091785
2025-08-04,ETHEREUM,3497.573127822404,18338718249.174084,422223994717.4719,0.029542453358,33,0.02945930982835221,0.02814654654129488
2025-08-05,ETHEREUM,3715.7090148550706,28536476594.95387,448517239894.4303,0.009687014167,36,0.06236778447817004,0.03987690831456087
2025-08-06,ETHEREUM,3612.442432236669,29411744198.367584,436373875222.1905,0.050959341858,40,-0.02779189172390817,0.04099572442607417
2025-08-07,ETHEREUM,3684.0459195726726,23256150904.877857,444737780081.9074,0.054814759925,49,0.01982135042403143,0.04203313100271644
2025-08-08,ETHEREUM,3911.2609462690816,31981627910.70641,471838906504.6792,0.028260086781,69,0.06167540569710494,0.0467205565050519
2025-08-09,ETHEREUM,4012.97697001236,37861934037.3479,484483868122.1773,0.004098375829,88,0.02600594159801694,0.03634094925852674
2025-08-10,ETHEREUM,4265.563258333516,37686735734.66866,514414914903.26123,-0.006717705285,83,0.06294237176257167,0.03294021149495511
2025-08-11,ETHEREUM,4253.591618951185,26481154882.304214,513073639261.6181,0.022631438274,67,-0.00280657879330292,0.03573811462735099
2025-08-12,ETHEREUM,4228.824213261163,43010572110.88258,510225780028.6237,0.076415424153,75,-0.00582270417772956,0.03435817469055788
2025-08-13,ETHEREUM,4606.809427709522,52840297700.59488,556502855391.5187,0.031116991851,88,0.08938305197530694,0.03617433585124436
2025-08-14,ETHEREUM,4763.652535322159,58870844448.59354,575091067506.1215,-0.03264182053,72,0.03404592919977101,0.03551505706257128
2025-08-15,ETHEREUM,4554.291501538621,66924319529.18441,551514703070.4648,0.025013596678,61,-0.04394968613498573,0.04492944998964686
2025-08-16,ETHEREUM,4430.532465017841,50038927770.639565,534578587192.13434,-0.011696129259,41,-0.02717415792971733,0.04864508729387543
2025-08-17,ETHEREUM,4426.826913311333,21104759591.061535,534150282399.6513,0.016745569975,41,-8.363671264720596e-4,0.04396735683703062
2025-08-18,ETHEREUM,4487.118013759226,28100356151.382523,541923097741.9142,-0.00731474023,47,0.01361948448144656,0.04384971795848207
2025-08-19,ETHEREUM,4317.2757573282315,43935703176.22011,520793172158.0575,0.001470236967,44,-0.03785107855647951,0.04713699630778596
2025-08-20,ETHEREUM,4074.495786100515,41626342123.38552,491872355111.4685,0.033953875468,43,-0.05623452956777586,0.03318725348362929
2025-08-21,ETHEREUM,4330.491598768078,39857177022.84433,523004794309.38104,-0.014673376943,38,0.06282883235291381,0.04133576379699443
2025-08-22,ETHEREUM,4224.438592580698,21703206731.83165,509951239220.54224,0.168409952566,63,-0.0244898307198077,0.03950550494513745
2025-08-23,ETHEREUM,4829.225541798332,61856673933.04883,582817007170.4178,-0.07342272243,47,0.14316386330714104,0.06878713534166828
2025-08-24,ETHEREUM,4773.8840885987775,27814037595.094646,576242312916.0488,0.047859434922,57,-0.01145969529079948,0.0692924415368155
2025-08-25,ETHEREUM,4778.10916071381,41157770217.98017,577227233251.8729,-0.017219866115,60,8.850386889625028e-4,0.06943426071931243
2025-08-26,ETHEREUM,4381.626176071471,48217069690.885376,529509245849.7141,0.032296822479,49,-0.08297905537660588,0.0764628138444645
2025-08-27,ETHEREUM,4602.369685333965,35263906282.176544,555061696726.733,0.04703234146,43,0.05037935697663998,0.07287578171981043
2025-08-28,ETHEREUM,4500.1451479982325,35898825608.295586,543608856125.4653,0.015338312584,40,-0.02221128338766098,0.07157633584458772
2025-08-29,ETHEREUM,4507.560431032719,29189873860.227936,543249516158.12427,0.012926415605,78,0.00164778752476135,0.07029277601106226
2025-08-30,ETHEREUM,4364.358521430426,38006835596.328514,526830870964.3115,0.009215338347,58,-0.03176927115971784,0.04032775483413666
2025-08-31,ETHEREUM,4373.360357620914,19199178188.100258,527539496668.2519,-0.00870762631,64,0.00206257944811061,0.04077124643787856
2025-09-01,ETHEREUM,4388.9314645193645,22269795530.723904,529740073153.04834,0.007261441692,68,0.00356044451523795,0.04092128113761428
2025-09-02,ETHEREUM,4303.202222745541,31725195638.84437,519534784996.7176,0.011381514145,74,-0.01953305547531758,0.02709841306160244
2025-09-03,ETHEREUM,4325.856306225941,32990260980.341236,521450862214.85895,0.038801850486,74,0.00526447103988214,0.01527707999622519
2025-09-04,ETHEREUM,4449.8670977283255,30818352470.84173,537549763927.1384,0.010315195007,70,0.02866733953319333,0.01934524944129442
2025-09-05,ETHEREUM,4298.094660544595,29893273380.076378,519319443328.1493,0.019915829772,65,-0.03410718429348391,0.02280427632834703
2025-09-06,ETHEREUM,4306.613513100346,37950930494.82325,519830732357.0378,0.021865840562,51,0.00198200673287907,0.01997624911677924
2025-09-07,ETHEREUM,4273.110024157841,14497961323.191992,515852185188.91895,-0.002932071786,51,-0.0077795439132372,0.02001123376214594
2025-09-08,ETHEREUM,4304.032421076036,14920604279.616674,519663340480.02106,0.015473997767,63,0.00723650847822243,0.02026288119833236
2025-09-09,ETHEREUM,4309.685702772004,26393884729.75394,519912892077.1541,-0.016100256778,60,0.00131348492364624,0.01884331985333178
2025-09-10,ETHEREUM,4309.342746120013,28408982228.170376,520461727067.3641,0.013973366008,55,-7.957811210479449e-5,0.01871973527055273
2025-09-11,ETHEREUM,4347.476803670656,34848418445.62599,524803924739.0028,0.024157533685,51,0.00884915862981161,0.01464744614778141
2025-09-12,ETHEREUM,4459.31901599882,33593064568.960487,538261336997.6129,0.006988195021,64,0.02572577551966071,0.01049183402980172
2025-09-13,ETHEREUM,4708.841744149995,39138140052.58744,567724477218.3574,-0.062952005788,62,0.05595534368722132,0.02159084176689341
2025-09-14,ETHEREUM,4667.699652630318,30452117451.68358,563397805739.7904,0.011498027131,55,-0.00873719987952226,0.02174715536013271
2025-09-15,ETHEREUM,4609.786110950785,23827529566.903904,556354045428.2224,0.028116919207,59,-0.01240729823884412,0.02377213466425691
2025-09-16,ETHEREUM,4524.244939102515,33863743706.690956,545926863107.31946,0.033089860102,64,-0.01855642968880111,0.02606983108141879
2025-09-17,ETHEREUM,4504.266635522813,28053763147.05997,543407922913.0083,0.014379658645,70,-0.00441583155832958,0.02632330725001237
2025-09-18,ETHEREUM,4591.768794331328,41727122821.76891,554600592896.1794,0.006515505248,70,0.01942650510927368,0.02677166218912694
2025-09-19,ETHEREUM,4590.6367372135155,29381752919.13096,554210013387.6136,0.032743064429,60,-2.46540531223971e-4,0.025707069970879
2025-09-20,ETHEREUM,4470.479474009387,28156319659.26727,539242810184.06946,0.015601549499,51,-0.02617442199904141,0.01462575826747049
2025-09-21,ETHEREUM,4481.799472368209,14314030981.454111,540941822331.2741,0.016915044469,46,0.00253216649906007,0.0150553215408368
2025-09-22,ETHEREUM,4452.87113037789,15910684640.581882,537406899904.3973,-0.001714614429,75,-0.00645462657771089,0.01477834513884699
2025-09-23,ETHEREUM,4199.951774017639,52988093949.58233,507148578276.2705,-0.034294939832,63,-0.05679916372041682,0.02453902110374694
2025-09-24,ETHEREUM,4166.1905498775295,29902684711.810097,503209949445.43353,0.038580173065,57,-0.0080384790008704,0.02443209825869185
2025-09-25,ETHEREUM,4148.65682762035,29988924904.58222,500734284408.361,0.011085933826,76,-0.00420857424720888,0.02093849597631895
2025-09-26,ETHEREUM,3863.063287590725,63461265827.195854,466825639887.3833,0.014515642781,73,-0.06884000096808207,0.02813481109290344
2025-09-27,ETHEREUM,4037.097921026091,43443403793.85234,486889364203.2699,-0.029260929778,49,0.04505094027178291,0.03827018889662188
2025-09-28,ETHEREUM,4018.167453105732,17011629273.367077,485207355886.1105,-0.022791293006,54,-0.00468912775728469,0.03785088604515004
2025-09-29,ETHEREUM,4141.839664086501,21656522951.624653,499628731251.1227,0.04687963122,66,0.03077826208690726,0.04165305341241247
2025-09-30,ETHEREUM,4215.61278947927,34604598514.675,508909498092.11896,-0.006554619084,59,0.01781168064820293,0.03680709007956014
2025-10-01,ETHEREUM,4144.230463371581,34013325290.49775,500218841768.296,0.038818869003,64,-0.01693284693647256,0.03732595209730279
2025-10-02,ETHEREUM,4343.951983440489,42741046618.56157,524308225825.147,0.023300229989,75,0.04819266733212091,0.04140717977183433
2025-10-03,ETHEREUM,4484.006245909478,41104321433.11955,540553843152.3364,-0.04472478635,66,0.03224120869726166,0.02464622370641734
2025-10-04,ETHEREUM,4515.759068159723,45970576945.09693,545075315730.44794,0.062022517668,48,0.00708135103050122,0.0227782708121039
2025-10-05,ETHEREUM,4487.706651673285,20597928707.86516,541611848322.7991,-0.044908541619,55,-0.00621211540806809,0.02301877845954947
2025-10-06,ETHEREUM,4515.321391965295,40355486904.311195,545075062109.9613,0.045858964565,76,0.00615341920392986,0.02227806345989766
2025-10-07,ETHEREUM,4689.131734746596,41164885082.65789,566339901682.9528,0.018113292893,77,0.03849345986546693,0.02435596195349644
2025-10-08,ETHEREUM,4454.32846286666,49804861778.9329,537522914209.85065,0.039310064307,72,-0.05007393376049496,0.03330495653437538
2025-10-09,ETHEREUM,4527.578004547945,36623453162.8216,546454608029.64813,-0.041415249051,71,0.0164445757181868,0.02929016588818257
2025-10-10,ETHEREUM,4368.649439385323,42731695438.879875,527213250874.5829,-0.042676524829,75,-0.03510233617244784,0.03039010012847557
2025-10-11,ETHEREUM,3835.632842050135,90784076986.425,463578765352.8637,0.07843063293,88,-0.12200946876849528,0.05344875654926685
2025-10-12,ETHEREUM,3749.218185954949,54140013164.198265,453043143808.8669,0.046629794089,92,-0.02252943898796045,0.05301179075313202
2025-10-13,ETHEREUM,4159.729307791921,57642806541.61372,501175375996.802,0.034049817742,84,0.10949245988798384,0.07333184650481041
2025-10-14,ETHEREUM,4246.217461554773,46426992105.166855,512317800004.7445,-0.022931820867,71,0.02079177450341385,0.07169490924115626
2025-10-15,ETHEREUM,4128.888447033946,62876294833.97642,498801738230.5064,0.052385039477,62,-0.02763141915908051,0.07018692303145514
2025-10-16,ETHEREUM,3983.1544356894233,44806571765.16941,480502921991.1765,0.030715853717,66,-0.0352961852115945,0.06982735084047073
2025-10-17,ETHEREUM,3890.1993012479857,44673230678.7307,469582926617.4159,0.032489833142,65,-0.02333706511817646,0.06943254405817831
2025-10-18,ETHEREUM,3831.244175835675,52519500424.67195,462727285553.6246,0.001574281205,54,-0.01515478278796611,0.05116369244766452
2025-10-19,ETHEREUM,3889.499030204316,19845543405.385517,469204461222.8663,0.012204835855,53,0.01520520533148595,0.05026304975312737
2025-10-20,ETHEREUM,3985.07656440468,29233928200.2202,480734836101.83966,0.032140803396,63,0.0245732248441628,0.02520767559457642
2025-10-21,ETHEREUM,3978.790155134436,35767064768.00727,480395580826.9953,-0.023503810379,62,-0.00157748770159027,0.02254695908319805
2025-10-22,ETHEREUM,3877.487197955012,46069514674.15889,467810730089.432,0.009603846063,58,-0.02546074390193653,0.02226162951818893
2025-10-23,ETHEREUM,3801.790795238291,41712359613.706055,458856134706.02246,0.025009122265,51,-0.01952202518080326,0.01978366340547649
2025-10-24,ETHEREUM,3855.842116240121,32116755772.61905,465361564940.0126,-0.002891996189,49,0.01421733175574191,0.0195370441416925
2025-10-25,ETHEREUM,3933.232269901015,30026152396.570248,474759372126.45776,-0.065236705328,47,0.02007088239815147,0.01984849279578778
2025-10-26,ETHEREUM,3952.213557935584,12389144280.82482,477319399731.4925,0.022888590351,52,0.00482587519171517,0.01924425261070736
2025-10-27,ETHEREUM,4161.5908962492495,25813518444.008472,502918445052.51886,0.048283029899,61,0.05297723294665091,0.02636456760414737
2025-10-28,ETHEREUM,4123.206220671679,36948961061.03095,497221249584.5864,-0.03578312757,55,-0.00922355813786635,0.02690800103336201
2025-10-29,ETHEREUM,3982.312789317544,35659878225.70066,481161348044.65594,0.018872086487,57,-0.03417084274072113,0.02871434816389811
2025-10-30,ETHEREUM,3897.359267616961,33522381291.76972,470349941761.83514,0.022806990677,67,-0.02133270945679333,0.02897033739694196
2025-10-31,ETHEREUM,3802.295364533181,36685058456.47925,458793317252.3975,0.0012900421,67,-0.02439187576923263,0.03032441519602876
2025-11-01,ETHEREUM,3847.298177365196,32814597904.07948,464417354244.41925,0.046666974991,55,0.0118356962091346,0.02949157374768892
2025-11-02,ETHEREUM,3872.211896195759,12518543682.642963,467387016348.6048,NA,52,0.00647564022386881,0.02956900338278607
2025-11-03,ETHEREUM,3910.094769162728,15511617607.50217,471549372393.21094,NA,76,0.00978326444484789,0.01847747270650915
2025-11-04,ETHEREUM,3600.71550248779,47914058739.68866,434149656995.1001,NA,100,-0.07912321438213776,0.03242215881861563
2025-11-05,ETHEREUM,3296.7437604313104,68784285690.87129,397489340792.3503,NA,84,-0.08441981651881714,0.04087760585436599
2025-11-06,ETHEREUM,3427.6905913706814,44374527842.85683,413918683595.6081,NA,68,0.03972005119446686,0.04791710983931667
2025-11-07,ETHEREUM,3308.918164921951,33880974985.82207,399007356776.52936,NA,68,-0.03465085989608973,0.04833027113494016
2025-11-08,ETHEREUM,3434.3512285299594,38972602140.84989,414691375367.5941,NA,56,0.03790757503093678,0.05193889699292405
2025-11-09,ETHEREUM,3401.4594003397083,20876971421.90155,410599145957.86835,NA,67,-0.00957730470809481,0.05118668380812304
2025-11-10,ETHEREUM,3576.2547046627064,25994213654.36895,431294295578.2351,NA,66,0.05138832593607945,0.05693412363895184
2025-11-11,ETHEREUM,3564.6105957999334,31866555691.672695,430271977432.5128,NA,64,-0.00325595065910477,0.04844919806256763
2025-11-12,ETHEREUM,3416.781328259322,36501187500.23736,411969837331.5966,NA,58,-0.04147136512324623,0.03752564877086128
2025-11-13,ETHEREUM,3409.6144555411624,31722707429.919136,411695018306.3992,NA,68,-0.00209755089062446,0.03441071812543717
2025-11-14,ETHEREUM,3235.7276362968546,47957135381.43061,392354946592.3496,NA,73,-0.05099896821522276,0.03754643868521956
2025-11-15,ETHEREUM,3106.601287865052,45035057857.22528,376914348602.9677,NA,57,-0.03990643309508635,0.03499147661688093
2025-11-16,ETHEREUM,3170.1129807404664,19159039393.79732,382460593691.1359,NA,63,0.02044410820387621,0.03734223297234912
2025-11-17,ETHEREUM,3101.686799467,30332766567.569996,374435480317.1664,NA,68,-0.02158477684838966,0.02600364652546953
2025-11-18,ETHEREUM,3021.3021576301335,39723178401.3899,364584346775.1596,NA,66,-0.02591642774850122,0.02498576932135259
2025-11-19,ETHEREUM,3117.2225871583155,40531057646.65946,375944681644.45795,NA,67,0.0317480425736103,0.0306788122422439
2025-11-20,ETHEREUM,3017.7483614097955,39173261740.03148,363582387251.9456,NA,69,-0.03191117187406289,0.03104250876265723
2025-11-21,ETHEREUM,2832.068358334293,41625324784.96392,342850824587.94714,NA,75,-0.0615293194919535,0.03315505007369431
2025-11-22,ETHEREUM,2764.735218675169,49920072209.17851,333838550169.9107,NA,53,-0.02377525226782539,0.03194806564602286
2025-11-23,ETHEREUM,2768.6178294996353,15277324087.122278,334406681065.5302,NA,52,0.00140433369468429,0.02899473734445399
2025-11-24,ETHEREUM,2799.8149340924633,20170660685.07876,338053142179.2997,NA,56,0.01126811518022563,0.0310536774033689
2025-11-25,ETHEREUM,2953.327645752226,32699089921.17828,357075035362.9083,NA,51,0.05482959241001506,0.03972089789179478
2025-11-26,ETHEREUM,2955.046469321271,23359001752.780495,356667974212.06213,NA,47,5.819955572885505e-4,0.03687854342354951
2025-11-27,ETHEREUM,3027.477249132549,21096541004.26908,365169111971.85614,NA,NA,0.02451087675379737,0.03669667474944872
2025-11-28,ETHEREUM,3015.6118196920934,16563145331.437609,364039549664.8285,NA,NA,-0.00391924644317487,0.02488389131002583
2025-11-29,ETHEREUM,3033.135645414151,20184482703.163284,366085841851.63794,NA,NA,0.00581103496399171,0.02045354986457751
2025-11-30,ETHEREUM,2991.2330117032593,12634811464.603792,361028197396.32526,NA,NA,-0.01381495541560928,0.02264486879692946
2025-12-01,ETHEREUM,2992.8341859495977,11969903297.072994,361717332403.24976,NA,NA,5.352890396950194e-4,0.02300969228970451
2025-12-01,ETHEREUM,2805.4045408560164,37499898531.88165,337885904354.35547,NA,NA,-0.06262613744974699,0.02714628933270659
