type,timestamp,value,date
prices,1733097600000,97311.70719084324,2024-12-02T00:00:00Z
prices,1733184000000,95833.1362300365,2024-12-03T00:00:00Z
prices,1733270400000,96031.63097759831,2024-12-04T00:00:00Z
prices,1733356800000,98881.4694561823,2024-12-05T00:00:00Z
prices,1733443200000,97201.50036407741,2024-12-06T00:00:00Z
prices,1733529600000,99973.85150659826,2024-12-07T00:00:00Z
prices,1733616000000,99781.82999198174,2024-12-08T00:00:00Z
prices,1733702400000,101235.3717025316,2024-12-09T00:00:00Z
prices,1733788800000,97353.94700820887,2024-12-10T00:00:00Z
prices,1733875200000,96649.71446771531,2024-12-11T00:00:00Z
prices,1733961600000,101123.61811033697,2024-12-12T00:00:00Z
prices,1734048000000,100000.80836535197,2024-12-13T00:00:00Z
prices,1734134400000,101352.22971292294,2024-12-14T00:00:00Z
prices,1734220800000,101367.01064553364,2024-12-15T00:00:00Z
prices,1734307200000,104721.50151808978,2024-12-16T00:00:00Z
prices,1734393600000,106074.10723541168,2024-12-17T00:00:00Z
prices,1734480000000,106034.913402645,2024-12-18T00:00:00Z
prices,1734566400000,100355.5761481501,2024-12-19T00:00:00Z
prices,1734652800000,97851.35377075805,2024-12-20T00:00:00Z
prices,1734739200000,97691.43431692653,2024-12-21T00:00:00Z
prices,1734825600000,97202.82496847633,2024-12-22T00:00:00Z
prices,1734912000000,95094.27394862173,2024-12-23T00:00:00Z
prices,1734998400000,94644.91085464321,2024-12-24T00:00:00Z
prices,1735084800000,98695.71400782601,2024-12-25T00:00:00Z
prices,1735171200000,99344.95417367229,2024-12-26T00:00:00Z
prices,1735257600000,95678.31244565405,2024-12-27T00:00:00Z
prices,1735344000000,94331.94727053077,2024-12-28T00:00:00Z
prices,1735430400000,95184.61945288602,2024-12-29T00:00:00Z
prices,1735516800000,93663.44751964067,2024-12-30T00:00:00Z
prices,1735603200000,92627.28213113277,2024-12-31T00:00:00Z
prices,1735689600000,93507.85874741491,2025-01-01T00:00:00Z
prices,1735776000000,94384.1761153871,2025-01-02T00:00:00Z
prices,1735862400000,96852.14681235075,2025-01-03T00:00:00Z
prices,1735948800000,98084.34279280754,2025-01-04T00:00:00Z
prices,1736035200000,98256.73876849933,2025-01-05T00:00:00Z
prices,1736121600000,98364.58946599838,2025-01-06T00:00:00Z
prices,1736208000000,102229.39453189743,2025-01-07T00:00:00Z
prices,1736294400000,96952.09886774956,2025-01-08T00:00:00Z
prices,1736380800000,95016.71440989176,2025-01-09T00:00:00Z
prices,1736467200000,92376.27578346101,2025-01-10T00:00:00Z
prices,1736553600000,94736.6267420969,2025-01-11T00:00:00Z
prices,1736640000000,94559.55167224213,2025-01-12T00:00:00Z
prices,1736726400000,94454.77089638807,2025-01-13T00:00:00Z
prices,1736812800000,94456.3493746993,2025-01-14T00:00:00Z
prices,1736899200000,96574.07768799194,2025-01-15T00:00:00Z
prices,1736985600000,100313.15239828422,2025-01-16T00:00:00Z
prices,1737072000000,100044.57926776377,2025-01-17T00:00:00Z
prices,1737158400000,104160.69358484233,2025-01-18T00:00:00Z
prices,1737244800000,104334.61575724394,2025-01-19T00:00:00Z
prices,1737331200000,101275.33714814208,2025-01-20T00:00:00Z
prices,1737417600000,101764.90860170545,2025-01-21T00:00:00Z
prices,1737504000000,106182.2368201815,2025-01-22T00:00:00Z
prices,1737590400000,103673.53509537787,2025-01-23T00:00:00Z
prices,1737676800000,104067.60991206947,2025-01-24T00:00:00Z
prices,1737763200000,104835.19253555956,2025-01-25T00:00:00Z
prices,1737849600000,104796.04077738234,2025-01-26T00:00:00Z
prices,1737936000000,102552.24874280207,2025-01-27T00:00:00Z
prices,1738022400000,101958.46953745594,2025-01-28T00:00:00Z
prices,1738108800000,101313.11264498268,2025-01-29T00:00:00Z
prices,1738195200000,103718.97939813645,2025-01-30T00:00:00Z
prices,1738281600000,104781.5135100103,2025-01-31T00:00:00Z
prices,1738368000000,102382.39409722165,2025-02-01T00:00:00Z
prices,1738454400000,100674.78762544956,2025-02-02T00:00:00Z
prices,1738540800000,97568.31653024875,2025-02-03T00:00:00Z
prices,1738627200000,101466.8606657039,2025-02-04T00:00:00Z
prices,1738713600000,98118.43921664466,2025-02-05T00:00:00Z
prices,1738800000000,96582.88682919052,2025-02-06T00:00:00Z
prices,1738886400000,96635.41875332211,2025-02-07T00:00:00Z
prices,1738972800000,96558.4563096667,2025-02-08T00:00:00Z
prices,1739059200000,96558.23762501091,2025-02-09T00:00:00Z
prices,1739145600000,96548.57865379585,2025-02-10T00:00:00Z
prices,1739232000000,97399.98161383197,2025-02-11T00:00:00Z
prices,1739318400000,95739.97737079239,2025-02-12T00:00:00Z
prices,1739404800000,97836.18856127483,2025-02-13T00:00:00Z
prices,1739491200000,96561.6639990985,2025-02-14T00:00:00Z
prices,1739577600000,97488.48148536457,2025-02-15T00:00:00Z
prices,1739664000000,97569.95169430465,2025-02-16T00:00:00Z
prices,1739750400000,96149.3484548204,2025-02-17T00:00:00Z
prices,1739836800000,95776.15723852723,2025-02-18T00:00:00Z
prices,1739923200000,95495.89153299287,2025-02-19T00:00:00Z
prices,1740009600000,96554.87156259285,2025-02-20T00:00:00Z
prices,1740096000000,98384.31738240314,2025-02-21T00:00:00Z
prices,1740182400000,96135.15541305285,2025-02-22T00:00:00Z
prices,1740268800000,96564.15414290235,2025-02-23T00:00:00Z
prices,1740355200000,96327.46309127835,2025-02-24T00:00:00Z
prices,1740441600000,91396.76686930266,2025-02-25T00:00:00Z
prices,1740528000000,88755.7693356979,2025-02-26T00:00:00Z
prices,1740614400000,83900.11496524839,2025-02-27T00:00:00Z
prices,1740700800000,84709.14477847965,2025-02-28T00:00:00Z
prices,1740787200000,84441.9012237131,2025-03-01T00:00:00Z
prices,1740873600000,86005.25629681018,2025-03-02T00:00:00Z
prices,1740960000000,94261.53286538439,2025-03-03T00:00:00Z
prices,1741046400000,86124.71418722175,2025-03-04T00:00:00Z
prices,1741132800000,87310.80531078295,2025-03-05T00:00:00Z
prices,1741219200000,90604.08098523637,2025-03-06T00:00:00Z
prices,1741305600000,90001.40087607042,2025-03-07T00:00:00Z
prices,1741392000000,86773.33597555371,2025-03-08T00:00:00Z
prices,1741478400000,86142.9833586432,2025-03-09T00:00:00Z
prices,1741564800000,80751.13893300897,2025-03-10T00:00:00Z
prices,1741651200000,78783.94057934263,2025-03-11T00:00:00Z
prices,1741737600000,82799.1080292053,2025-03-12T00:00:00Z
prices,1741824000000,83884.24578828987,2025-03-13T00:00:00Z
prices,1741910400000,81098.90052436228,2025-03-14T00:00:00Z
prices,1741996800000,83971.70916064628,2025-03-15T00:00:00Z
prices,1742083200000,84391.69087647168,2025-03-16T00:00:00Z
prices,1742169600000,82610.61750343916,2025-03-17T00:00:00Z
prices,1742256000000,84075.36559694471,2025-03-18T00:00:00Z
prices,1742342400000,82780.03048688271,2025-03-19T00:00:00Z
prices,1742428800000,86815.44109470697,2025-03-20T00:00:00Z
prices,1742515200000,84270.84358966233,2025-03-21T00:00:00Z
prices,1742601600000,84009.532917822,2025-03-22T00:00:00Z
prices,1742688000000,83793.30854192551,2025-03-23T00:00:00Z
prices,1742774400000,85787.70914901773,2025-03-24T00:00:00Z
prices,1742860800000,87327.72969669085,2025-03-25T00:00:00Z
prices,1742947200000,87520.58391530563,2025-03-26T00:00:00Z
prices,1743033600000,86960.8555491039,2025-03-27T00:00:00Z
prices,1743120000000,87227.27158032371,2025-03-28T00:00:00Z
prices,1743206400000,84359.46915506005,2025-03-29T00:00:00Z
prices,1743292800000,82679.17255385047,2025-03-30T00:00:00Z
prices,1743379200000,82356.38111183756,2025-03-31T00:00:00Z
prices,1743465600000,82514.09365397849,2025-04-01T00:00:00Z
prices,1743552000000,85237.5876052852,2025-04-02T00:00:00Z
prices,1743638400000,82526.4221526433,2025-04-03T00:00:00Z
prices,1743724800000,83163.98757387721,2025-04-04T00:00:00Z
prices,1743811200000,83852.00765399594,2025-04-05T00:00:00Z
prices,1743897600000,83595.88550177493,2025-04-06T00:00:00Z
prices,1743984000000,78211.48358199988,2025-04-07T00:00:00Z
prices,1744070400000,79179.29226757778,2025-04-08T00:00:00Z
prices,1744156800000,76329.090356324,2025-04-09T00:00:00Z
prices,1744243200000,82622.17029546302,2025-04-10T00:00:00Z
prices,1744329600000,79596.35732250768,2025-04-11T00:00:00Z
prices,1744416000000,83439.28818043756,2025-04-12T00:00:00Z
prices,1744502400000,85305.09728392666,2025-04-13T00:00:00Z
prices,1744588800000,83600.82010054543,2025-04-14T00:00:00Z
prices,1744675200000,84523.4524914945,2025-04-15T00:00:00Z
prices,1744761600000,83656.49248858042,2025-04-16T00:00:00Z
prices,1744848000000,84105.77942167096,2025-04-17T00:00:00Z
prices,1744934400000,84930.90857600998,2025-04-18T00:00:00Z
prices,1745020800000,84433.75017215389,2025-04-19T00:00:00Z
prices,1745107200000,85126.66244301842,2025-04-20T00:00:00Z
prices,1745193600000,85073.16544858096,2025-04-21T00:00:00Z
prices,1745280000000,87452.04699068287,2025-04-22T00:00:00Z
prices,1745366400000,93576.16588573981,2025-04-23T00:00:00Z
prices,1745452800000,93605.45230873208,2025-04-24T00:00:00Z
prices,1745539200000,93872.81422867288,2025-04-25T00:00:00Z
prices,1745625600000,94773.11200643536,2025-04-26T00:00:00Z
prices,1745712000000,94644.06637120107,2025-04-27T00:00:00Z
prices,1745798400000,93809.33781968223,2025-04-28T00:00:00Z
prices,1745884800000,95030.60645474444,2025-04-29T00:00:00Z
prices,1745971200000,94256.35946318062,2025-04-30T00:00:00Z
prices,1746057600000,94235.75331048167,2025-05-01T00:00:00Z
prices,1746144000000,96426.94522273027,2025-05-02T00:00:00Z
prices,1746230400000,96855.5681343944,2025-05-03T00:00:00Z
prices,1746316800000,95922.86842404422,2025-05-04T00:00:00Z
prices,1746403200000,94326.62048529249,2025-05-05T00:00:00Z
prices,1746489600000,94758.8237105546,2025-05-06T00:00:00Z
prices,1746576000000,96854.53198815876,2025-05-07T00:00:00Z
prices,1746662400000,97026.49376966801,2025-05-08T00:00:00Z
prices,1746748800000,103076.27555512934,2025-05-09T00:00:00Z
prices,1746835200000,102962.54045692299,2025-05-10T00:00:00Z
prices,1746921600000,104630.8792994166,2025-05-11T00:00:00Z
prices,1747008000000,103994.061616746,2025-05-12T00:00:00Z
prices,1747094400000,102876.8304286011,2025-05-13T00:00:00Z
prices,1747180800000,104184.49039270742,2025-05-14T00:00:00Z
prices,1747267200000,103594.42575090709,2025-05-15T00:00:00Z
prices,1747353600000,103708.85136423641,2025-05-16T00:00:00Z
prices,1747440000000,103556.03493982446,2025-05-17T00:00:00Z
prices,1747526400000,103212.36483885496,2025-05-18T00:00:00Z
prices,1747612800000,106030.6376831359,2025-05-19T00:00:00Z
prices,1747699200000,105629.41580436694,2025-05-20T00:00:00Z
prices,1747785600000,106786.71995834043,2025-05-21T00:00:00Z
prices,1747872000000,109665.86371625263,2025-05-22T00:00:00Z
prices,1747958400000,111560.356938144,2025-05-23T00:00:00Z
prices,1748044800000,107216.66856870624,2025-05-24T00:00:00Z
prices,1748131200000,107831.36374380375,2025-05-25T00:00:00Z
prices,1748217600000,108861.81037744327,2025-05-26T00:00:00Z
prices,1748304000000,109377.71513263129,2025-05-27T00:00:00Z
prices,1748390400000,109068.45694901445,2025-05-28T00:00:00Z
prices,1748476800000,107838.18431100152,2025-05-29T00:00:00Z
prices,1748563200000,105745.41660358038,2025-05-30T00:00:00Z
prices,1748649600000,104010.91956242644,2025-05-31T00:00:00Z
prices,1748736000000,104687.50742934884,2025-06-01T00:00:00Z
prices,1748822400000,105710.00593822816,2025-06-02T00:00:00Z
prices,1748908800000,105884.74263221149,2025-06-03T00:00:00Z
prices,1748995200000,105434.47745144971,2025-06-04T00:00:00Z
prices,1749081600000,104812.9182188067,2025-06-05T00:00:00Z
prices,1749168000000,101650.7387545425,2025-06-06T00:00:00Z
prices,1749254400000,104409.74967959142,2025-06-07T00:00:00Z
prices,1749340800000,105681.4546141758,2025-06-08T00:00:00Z
prices,1749427200000,105692.24740699006,2025-06-09T00:00:00Z
prices,1749513600000,110261.57485948496,2025-06-10T00:00:00Z
prices,1749600000000,110212.73252109604,2025-06-11T00:00:00Z
prices,1749686400000,108679.9760916168,2025-06-12T00:00:00Z
prices,1749772800000,105979.22902375912,2025-06-13T00:00:00Z
prices,1749859200000,106045.56440819203,2025-06-14T00:00:00Z
prices,1749945600000,105482.90611628917,2025-06-15T00:00:00Z
prices,1750032000000,105554.49383061715,2025-06-16T00:00:00Z
prices,1750118400000,106951.2720181497,2025-06-17T00:00:00Z
prices,1750204800000,104683.42479835715,2025-06-18T00:00:00Z
prices,1750291200000,104722.695052907,2025-06-19T00:00:00Z
prices,1750377600000,104690.65002458123,2025-06-20T00:00:00Z
prices,1750464000000,103290.105144757,2025-06-21T00:00:00Z
prices,1750550400000,101532.5683847329,2025-06-22T00:00:00Z
prices,1750636800000,100852.58264648831,2025-06-23T00:00:00Z
prices,1750723200000,105511.62437933135,2025-06-24T00:00:00Z
prices,1750809600000,105976.06929808448,2025-06-25T00:00:00Z
prices,1750896000000,107238.53045016268,2025-06-26T00:00:00Z
prices,1750982400000,106984.01253775663,2025-06-27T00:00:00Z
prices,1751068800000,107078.91560644074,2025-06-28T00:00:00Z
prices,1751155200000,107331.58548463577,2025-06-29T00:00:00Z
prices,1751241600000,108396.61631317894,2025-06-30T00:00:00Z
prices,1751328000000,107132.79910701896,2025-07-01T00:00:00Z
prices,1751414400000,105613.39974163055,2025-07-02T00:00:00Z
prices,1751500800000,108824.44423167943,2025-07-03T00:00:00Z
prices,1751587200000,109602.20483914016,2025-07-04T00:00:00Z
prices,1751673600000,108040.8919400104,2025-07-05T00:00:00Z
prices,1751760000000,108217.46849992426,2025-07-06T00:00:00Z
prices,1751846400000,109215.19771840284,2025-07-07T00:00:00Z
prices,1751932800000,108300.71675785031,2025-07-08T00:00:00Z
prices,1752019200000,108953.19187727802,2025-07-09T00:00:00Z
prices,1752105600000,111327.53054245669,2025-07-10T00:00:00Z
prices,1752192000000,115879.65030112496,2025-07-11T00:00:00Z
prices,1752278400000,117571.02510036016,2025-07-12T00:00:00Z
prices,1752364800000,117418.95745007684,2025-07-13T00:00:00Z
prices,1752451200000,119117.55666327637,2025-07-14T00:00:00Z
prices,1752537600000,119833.67446712355,2025-07-15T00:00:00Z
prices,1752624000000,117678.19493404306,2025-07-16T00:00:00Z
prices,1752710400000,118748.1627367753,2025-07-17T00:00:00Z
prices,1752796800000,119445.36520434043,2025-07-18T00:00:00Z
prices,1752883200000,117988.94664455787,2025-07-19T00:00:00Z
prices,1752969600000,117901.62655900871,2025-07-20T00:00:00Z
prices,1753056000000,117256.9208222684,2025-07-21T00:00:00Z
prices,1753142400000,117482.46977767294,2025-07-22T00:00:00Z
prices,1753228800000,119955.79570607653,2025-07-23T00:00:00Z
prices,1753315200000,118629.05588130427,2025-07-24T00:00:00Z
prices,1753401600000,118354.43517438594,2025-07-25T00:00:00Z
prices,1753488000000,117540.80837085741,2025-07-26T00:00:00Z
prices,1753574400000,117959.54234360624,2025-07-27T00:00:00Z
prices,1753660800000,119418.91405141471,2025-07-28T00:00:00Z
prices,1753747200000,118003.30201607826,2025-07-29T00:00:00Z
prices,1753833600000,117853.30892863822,2025-07-30T00:00:00Z
prices,1753920000000,117833.24087995925,2025-07-31T00:00:00Z
prices,1754006400000,115700.00243915782,2025-08-01T00:00:00Z
prices,1754092800000,113234.6051343189,2025-08-02T00:00:00Z
prices,1754179200000,112554.90232221723,2025-08-03T00:00:00Z
prices,1754265600000,114199.10966460757,2025-08-04T00:00:00Z
prices,1754352000000,115138.68613070177,2025-08-05T00:00:00Z
prices,1754438400000,114128.35408881678,2025-08-06T00:00:00Z
prices,1754524800000,115022.09576830892,2025-08-07T00:00:00Z
prices,1754611200000,117463.47451085235,2025-08-08T00:00:00Z
prices,1754697600000,116688.36663186055,2025-08-09T00:00:00Z
prices,1754784000000,116510.08393213755,2025-08-10T00:00:00Z
prices,1754870400000,119266.92516880555,2025-08-11T00:00:00Z
prices,1754956800000,118773.79960860992,2025-08-12T00:00:00Z
prices,1755043200000,120202.53485503166,2025-08-13T00:00:00Z
prices,1755129600000,123560.99363577305,2025-08-14T00:00:00Z
prices,1755216000000,118405.59579823953,2025-08-15T00:00:00Z
prices,1755302400000,117339.79190213277,2025-08-16T00:00:00Z
prices,1755388800000,117501.21653394958,2025-08-17T00:00:00Z
prices,1755475200000,117542.83687778088,2025-08-18T00:00:00Z
prices,1755561600000,116256.41276740946,2025-08-19T00:00:00Z
prices,1755648000000,112778.34483555844,2025-08-20T00:00:00Z
prices,1755734400000,114252.39755195397,2025-08-21T00:00:00Z
prices,1755820800000,112414.39987336512,2025-08-22T00:00:00Z
prices,1755907200000,116834.24948202295,2025-08-23T00:00:00Z
prices,1755993600000,115359.98346714744,2025-08-24T00:00:00Z
prices,1756080000000,113399.54847314971,2025-08-25T00:00:00Z
prices,1756166400000,110185.35443900425,2025-08-26T00:00:00Z
prices,1756252800000,111842.70999260596,2025-08-27T00:00:00Z
prices,1756339200000,111216.08479629169,2025-08-28T00:00:00Z
prices,1756425600000,112525.59740669793,2025-08-29T00:00:00Z
prices,1756512000000,108480.30666639366,2025-08-30T00:00:00Z
prices,1756598400000,108781.95727925687,2025-08-31T00:00:00Z
prices,1756684800000,108253.36092385623,2025-09-01T00:00:00Z
prices,1756771200000,109162.68557992298,2025-09-02T00:00:00Z
prices,1756857600000,111190.18209845416,2025-09-03T00:00:00Z
prices,1756944000000,111711.51977725117,2025-09-04T00:00:00Z
prices,1757030400000,110724.736377486,2025-09-05T00:00:00Z
prices,1757116800000,110662.18112628513,2025-09-06T00:00:00Z
prices,1757203200000,110209.1888247784,2025-09-07T00:00:00Z
prices,1757289600000,111131.9923868407,2025-09-08T00:00:00Z
prices,1757376000000,112025.12878118771,2025-09-09T00:00:00Z
prices,1757462400000,111547.43956434788,2025-09-10T00:00:00Z
prices,1757548800000,113975.32489468766,2025-09-11T00:00:00Z
prices,1757635200000,115503.16663193036,2025-09-12T00:00:00Z
prices,1757721600000,116160.14344594491,2025-09-13T00:00:00Z
prices,1757808000000,115970.58488443034,2025-09-14T00:00:00Z
prices,1757894400000,115373.55555886829,2025-09-15T00:00:00Z
prices,1757980800000,115397.25272727509,2025-09-16T00:00:00Z
prices,1758067200000,116762.8496864193,2025-09-17T00:00:00Z
prices,1758153600000,116455.94648225319,2025-09-18T00:00:00Z
prices,1758240000000,117145.49508952006,2025-09-19T00:00:00Z
prices,1758326400000,115655.81046441344,2025-09-20T00:00:00Z
prices,1758412800000,115715.51536781774,2025-09-21T00:00:00Z
prices,1758499200000,115304.47999407038,2025-09-22T00:00:00Z
prices,1758585600000,112696.74101711863,2025-09-23T00:00:00Z
prices,1758672000000,112022.16587861195,2025-09-24T00:00:00Z
prices,1758758400000,113320.56908541008,2025-09-25T00:00:00Z
prices,1758844800000,108963.53013595635,2025-09-26T00:00:00Z
prices,1758931200000,109710.20874667744,2025-09-27T00:00:00Z
prices,1759017600000,109654.81021075726,2025-09-28T00:00:00Z
prices,1759104000000,112142.57362752674,2025-09-29T00:00:00Z
prices,1759190400000,114309.15041119447,2025-09-30T00:00:00Z
prices,1759276800000,114024.22783550054,2025-10-01T00:00:00Z
prices,1759363200000,118503.24451752483,2025-10-02T00:00:00Z
prices,1759449600000,120611.71911591051,2025-10-03T00:00:00Z
prices,1759536000000,122250.15186842803,2025-10-04T00:00:00Z
prices,1759622400000,122380.93708463266,2025-10-05T00:00:00Z
prices,1759708800000,123506.18520027678,2025-10-06T00:00:00Z
prices,1759795200000,124773.50823074432,2025-10-07T00:00:00Z
prices,1759881600000,121518.75593575071,2025-10-08T00:00:00Z
prices,1759968000000,123352.50487523204,2025-10-09T00:00:00Z
prices,1760054400000,121698.03066778315,2025-10-10T00:00:00Z
prices,1760140800000,113201.74064138904,2025-10-11T00:00:00Z
prices,1760227200000,110853.11663883903,2025-10-12T00:00:00Z
prices,1760313600000,115189.5714637257,2025-10-13T00:00:00Z
prices,1760400000000,115222.28302116522,2025-10-14T00:00:00Z
prices,1760486400000,113156.56943826913,2025-10-15T00:00:00Z
prices,1760572800000,110708.66960879423,2025-10-16T00:00:00Z
prices,1760659200000,108076.72862033188,2025-10-17T00:00:00Z
prices,1760745600000,106443.61194984635,2025-10-18T00:00:00Z
prices,1760832000000,107156.00337647724,2025-10-19T00:00:00Z
prices,1760918400000,108621.134857428,2025-10-20T00:00:00Z
prices,1761004800000,110608.5714932665,2025-10-21T00:00:00Z
prices,1761091200000,108486.10262716639,2025-10-22T00:00:00Z
prices,1761177600000,107618.4266715404,2025-10-23T00:00:00Z
prices,1761264000000,110048.51827291629,2025-10-24T00:00:00Z
prices,1761350400000,110997.80437129698,2025-10-25T00:00:00Z
prices,1761436800000,111620.3093731354,2025-10-26T00:00:00Z
prices,1761523200000,114476.01227508577,2025-10-27T00:00:00Z
prices,1761609600000,114182.79442806762,2025-10-28T00:00:00Z
prices,1761696000000,112950.34863259472,2025-10-29T00:00:00Z
prices,1761782400000,110046.66925837283,2025-10-30T00:00:00Z
prices,1761868800000,108240.76528725718,2025-10-31T00:00:00Z
prices,1761955200000,109573.90555629115,2025-11-01T00:00:00Z
prices,1762041600000,110014.13556776087,2025-11-02T00:00:00Z
prices,1762128000000,110650.2092823146,2025-11-03T00:00:00Z
prices,1762214400000,106521.08673825761,2025-11-04T00:00:00Z
prices,1762300800000,101635.2740227234,2025-11-05T00:00:00Z
prices,1762387200000,103877.95965955159,2025-11-06T00:00:00Z
prices,1762473600000,101322.6402945857,2025-11-07T00:00:00Z
prices,1762560000000,103396.084215925,2025-11-08T00:00:00Z
prices,1762646400000,102290.13714655167,2025-11-09T00:00:00Z
prices,1762732800000,104709.67861656273,2025-11-10T00:00:00Z
prices,1762819200000,105909.07272321742,2025-11-11T00:00:00Z
prices,1762905600000,102960.77564500563,2025-11-12T00:00:00Z
prices,1762992000000,101521.70859453593,2025-11-13T00:00:00Z
prices,1763078400000,99730.4533956204,2025-11-14T00:00:00Z
prices,1763164800000,94456.39368235337,2025-11-15T00:00:00Z
prices,1763251200000,95508.31019889197,2025-11-16T00:00:00Z
prices,1763337600000,94411.32947182967,2025-11-17T00:00:00Z
prices,1763424000000,92036.7255045672,2025-11-18T00:00:00Z
prices,1763510400000,92819.75921500899,2025-11-19T00:00:00Z
prices,1763596800000,91363.27838693369,2025-11-20T00:00:00Z
prices,1763683200000,86649.97257918229,2025-11-21T00:00:00Z
prices,1763769600000,85051.8019295002,2025-11-22T00:00:00Z
prices,1763856000000,84682.62429147748,2025-11-23T00:00:00Z
prices,1763942400000,86783.84766839583,2025-11-24T00:00:00Z
prices,1764028800000,88229.35740719768,2025-11-25T00:00:00Z
prices,1764115200000,87310.33159950442,2025-11-26T00:00:00Z
prices,1764201600000,90474.22677969698,2025-11-27T00:00:00Z
prices,1764288000000,91279.06057176423,2025-11-28T00:00:00Z
prices,1764374400000,90950.37695910994,2025-11-29T00:00:00Z
prices,1764460800000,90841.45258193677,2025-11-30T00:00:00Z
prices,1764547200000,90406.28448571145,2025-12-01T00:00:00Z
prices,1764629131000,86675.71579486522,2025-12-01T22:45:31Z
market_caps,1733097600000,1925808416477.5068,2024-12-02T00:00:00Z
market_caps,1733184000000,1896576914275.523,2024-12-03T00:00:00Z
market_caps,1733270400000,1900922167493.3643,2024-12-04T00:00:00Z
market_caps,1733356800000,1957276192604.2603,2024-12-05T00:00:00Z
market_caps,1733443200000,1920742551503.6094,2024-12-06T00:00:00Z
market_caps,1733529600000,1978389972043.7947,2024-12-07T00:00:00Z
market_caps,1733616000000,1974739091620.7542,2024-12-08T00:00:00Z
market_caps,1733702400000,2003238967638.8286,2024-12-09T00:00:00Z
market_caps,1733788800000,1926047690157.6282,2024-12-10T00:00:00Z
market_caps,1733875200000,1913115778728.2837,2024-12-11T00:00:00Z
market_caps,1733961600000,2001746436338.842,2024-12-12T00:00:00Z
market_caps,1734048000000,1979166149963.3093,2024-12-13T00:00:00Z
market_caps,1734134400000,2005406021235.8357,2024-12-14T00:00:00Z
market_caps,1734220800000,2007646386698.8667,2024-12-15T00:00:00Z
market_caps,1734307200000,2075487816560.1924,2024-12-16T00:00:00Z
market_caps,1734393600000,2097460193710.789,2024-12-17T00:00:00Z
market_caps,1734480000000,2100629850064.9119,2024-12-18T00:00:00Z
market_caps,1734566400000,1985284833093.572,2024-12-19T00:00:00Z
market_caps,1734652800000,1937022229972.2085,2024-12-20T00:00:00Z
market_caps,1734739200000,1932373308116.0107,2024-12-21T00:00:00Z
market_caps,1734825600000,1922768195068.165,2024-12-22T00:00:00Z
market_caps,1734912000000,1884599149192.4587,2024-12-23T00:00:00Z
market_caps,1734998400000,1874912975786.6604,2024-12-24T00:00:00Z
market_caps,1735084800000,1951173788529.116,2024-12-25T00:00:00Z
market_caps,1735171200000,1966481159354.1177,2024-12-26T00:00:00Z
market_caps,1735257600000,1894744251986.1084,2024-12-27T00:00:00Z
market_caps,1735344000000,1867708753554.924,2024-12-28T00:00:00Z
market_caps,1735430400000,1885556552231.4314,2024-12-29T00:00:00Z
market_caps,1735516800000,1854872605738.8086,2024-12-30T00:00:00Z
market_caps,1735603200000,1833188187477.531,2024-12-31T00:00:00Z
market_caps,1735689600000,1851839954625.13,2025-01-01T00:00:00Z
market_caps,1735776000000,1869193319140.2422,2025-01-02T00:00:00Z
market_caps,1735862400000,1917905016063.62,2025-01-03T00:00:00Z
market_caps,1735948800000,1942834829349.9563,2025-01-04T00:00:00Z
market_caps,1736035200000,1946611205641.351,2025-01-05T00:00:00Z
market_caps,1736121600000,1948339898718.8586,2025-01-06T00:00:00Z
market_caps,1736208000000,2024825178619.8228,2025-01-07T00:00:00Z
market_caps,1736294400000,1919133187081.3127,2025-01-08T00:00:00Z
market_caps,1736380800000,1885313354913.7239,2025-01-09T00:00:00Z
market_caps,1736467200000,1832933628117.9436,2025-01-10T00:00:00Z
market_caps,1736553600000,1876836759923.398,2025-01-11T00:00:00Z
market_caps,1736640000000,1874286243377.8525,2025-01-12T00:00:00Z
market_caps,1736726400000,1870314882306.9236,2025-01-13T00:00:00Z
market_caps,1736812800000,1870609367804.8223,2025-01-14T00:00:00Z
market_caps,1736899200000,1912603332624.1123,2025-01-15T00:00:00Z
market_caps,1736985600000,1986831430651.8647,2025-01-16T00:00:00Z
market_caps,1737072000000,1980935754458.284,2025-01-17T00:00:00Z
market_caps,1737158400000,2063854663834.0774,2025-01-18T00:00:00Z
market_caps,1737244800000,2067151195362.0425,2025-01-19T00:00:00Z
market_caps,1737331200000,2014842808849.5005,2025-01-20T00:00:00Z
market_caps,1737417600000,2017837068202.1384,2025-01-21T00:00:00Z
market_caps,1737504000000,2098829000928.49,2025-01-22T00:00:00Z
market_caps,1737590400000,2054288661793.9773,2025-01-23T00:00:00Z
market_caps,1737676800000,2062360759045,2025-01-24T00:00:00Z
market_caps,1737763200000,2076156720642.786,2025-01-25T00:00:00Z
market_caps,1737849600000,2077647817531.3406,2025-01-26T00:00:00Z
market_caps,1737936000000,2036324005947.406,2025-01-27T00:00:00Z
market_caps,1738022400000,2019295541213.5288,2025-01-28T00:00:00Z
market_caps,1738108800000,2007072201507.5273,2025-01-29T00:00:00Z
market_caps,1738195200000,2056581551171.7,2025-01-30T00:00:00Z
market_caps,1738281600000,2076760153260.6191,2025-01-31T00:00:00Z
market_caps,1738368000000,2028504133577.489,2025-02-01T00:00:00Z
market_caps,1738454400000,1996423711261.7268,2025-02-02T00:00:00Z
market_caps,1738540800000,1933691439792.2544,2025-02-03T00:00:00Z
market_caps,1738627200000,2011121374511.8835,2025-02-04T00:00:00Z
market_caps,1738713600000,1943535291172.1597,2025-02-05T00:00:00Z
market_caps,1738800000000,1912584628590.309,2025-02-06T00:00:00Z
market_caps,1738886400000,1915093756057.5637,2025-02-07T00:00:00Z
market_caps,1738972800000,1911296376425.356,2025-02-08T00:00:00Z
market_caps,1739059200000,1914211835440.1182,2025-02-09T00:00:00Z
market_caps,1739145600000,1913068773356.083,2025-02-10T00:00:00Z
market_caps,1739232000000,1930742951090.367,2025-02-11T00:00:00Z
market_caps,1739318400000,1898788887978.3252,2025-02-12T00:00:00Z
market_caps,1739404800000,1936842454813.9983,2025-02-13T00:00:00Z
market_caps,1739491200000,1914315097486.3862,2025-02-14T00:00:00Z
market_caps,1739577600000,1931656846871.4856,2025-02-15T00:00:00Z
market_caps,1739664000000,1934308378710.2861,2025-02-16T00:00:00Z
market_caps,1739750400000,1905012222220.3691,2025-02-17T00:00:00Z
market_caps,1739836800000,1898997753781.9536,2025-02-18T00:00:00Z
market_caps,1739923200000,1892702154844.508,2025-02-19T00:00:00Z
market_caps,1740009600000,1914337919659.5537,2025-02-20T00:00:00Z
market_caps,1740096000000,1950376106325.3228,2025-02-21T00:00:00Z
market_caps,1740182400000,1906058197506.3809,2025-02-22T00:00:00Z
market_caps,1740268800000,1915260330870.798,2025-02-23T00:00:00Z
market_caps,1740355200000,1909625674815.4763,2025-02-24T00:00:00Z
market_caps,1740441600000,1814176779160.4363,2025-02-25T00:00:00Z
market_caps,1740528000000,1759750360550.3337,2025-02-26T00:00:00Z
market_caps,1740614400000,1664314955447.7466,2025-02-27T00:00:00Z
market_caps,1740700800000,1679555320077.2097,2025-02-28T00:00:00Z
market_caps,1740787200000,1674754437110.342,2025-03-01T00:00:00Z
market_caps,1740873600000,1705564098300.8237,2025-03-02T00:00:00Z
market_caps,1740960000000,1868321705444.4878,2025-03-03T00:00:00Z
market_caps,1741046400000,1708198960874.3418,2025-03-04T00:00:00Z
market_caps,1741132800000,1731441668069.6523,2025-03-05T00:00:00Z
market_caps,1741219200000,1797706868227.531,2025-03-06T00:00:00Z
market_caps,1741305600000,1782785866811.654,2025-03-07T00:00:00Z
market_caps,1741392000000,1720436931689.2776,2025-03-08T00:00:00Z
market_caps,1741478400000,1708605516770.228,2025-03-09T00:00:00Z
market_caps,1741564800000,1602073794580.0344,2025-03-10T00:00:00Z
market_caps,1741651200000,1563547150147.7332,2025-03-11T00:00:00Z
market_caps,1741737600000,1642997419531.6057,2025-03-12T00:00:00Z
market_caps,1741824000000,1662502658717.542,2025-03-13T00:00:00Z
market_caps,1741910400000,1608477373718.186,2025-03-14T00:00:00Z
market_caps,1741996800000,1665725559905.8198,2025-03-15T00:00:00Z
market_caps,1742083200000,1674173293916.4658,2025-03-16T00:00:00Z
market_caps,1742169600000,1638672153483.722,2025-03-17T00:00:00Z
market_caps,1742256000000,1667799227887.438,2025-03-18T00:00:00Z
market_caps,1742342400000,1642578274105.806,2025-03-19T00:00:00Z
market_caps,1742428800000,1721565138141.278,2025-03-20T00:00:00Z
market_caps,1742515200000,1672550706502.8184,2025-03-21T00:00:00Z
market_caps,1742601600000,1666749159154.2927,2025-03-22T00:00:00Z
market_caps,1742688000000,1662574363663.653,2025-03-23T00:00:00Z
market_caps,1742774400000,1702009594329.4495,2025-03-24T00:00:00Z
market_caps,1742860800000,1732715331970.134,2025-03-25T00:00:00Z
market_caps,1742947200000,1735368473904.4885,2025-03-26T00:00:00Z
market_caps,1743033600000,1724854479045.6724,2025-03-27T00:00:00Z
market_caps,1743120000000,1729729987159.4822,2025-03-28T00:00:00Z
market_caps,1743206400000,1673182800974.1038,2025-03-29T00:00:00Z
market_caps,1743292800000,1640665503855.1438,2025-03-30T00:00:00Z
market_caps,1743379200000,1633996304187.2593,2025-03-31T00:00:00Z
market_caps,1743465600000,1635076581047.3545,2025-04-01T00:00:00Z
market_caps,1743552000000,1690602036035.04,2025-04-02T00:00:00Z
market_caps,1743638400000,1637358764747.381,2025-04-03T00:00:00Z
market_caps,1743724800000,1652537223074.958,2025-04-04T00:00:00Z
market_caps,1743811200000,1664234880198.049,2025-04-05T00:00:00Z
market_caps,1743897600000,1656020067997.187,2025-04-06T00:00:00Z
market_caps,1743984000000,1555325260787.2627,2025-04-07T00:00:00Z
market_caps,1744070400000,1581407565278.352,2025-04-08T00:00:00Z
market_caps,1744156800000,1515042499757.3254,2025-04-09T00:00:00Z
market_caps,1744243200000,1640567909122.172,2025-04-10T00:00:00Z
market_caps,1744329600000,1580023209138.0547,2025-04-11T00:00:00Z
market_caps,1744416000000,1655868880454.1702,2025-04-12T00:00:00Z
market_caps,1744502400000,1693600655371.0874,2025-04-13T00:00:00Z
market_caps,1744588800000,1658923208081.8682,2025-04-14T00:00:00Z
market_caps,1744675200000,1677843510120.269,2025-04-15T00:00:00Z
market_caps,1744761600000,1660749023283.0562,2025-04-16T00:00:00Z
market_caps,1744848000000,1670497569762.047,2025-04-17T00:00:00Z
market_caps,1744934400000,1686226810049.1836,2025-04-18T00:00:00Z
market_caps,1745020800000,1676373197914.5117,2025-04-19T00:00:00Z
market_caps,1745107200000,1690090596771.3958,2025-04-20T00:00:00Z
market_caps,1745193600000,1689008667806.3804,2025-04-21T00:00:00Z
market_caps,1745280000000,1735703747771.06,2025-04-22T00:00:00Z
market_caps,1745366400000,1858587811717.8286,2025-04-23T00:00:00Z
market_caps,1745452800000,1858660302322.256,2025-04-24T00:00:00Z
market_caps,1745539200000,1864298110563.3408,2025-04-25T00:00:00Z
market_caps,1745625600000,1882121595175.8462,2025-04-26T00:00:00Z
market_caps,1745712000000,1879131951239.1846,2025-04-27T00:00:00Z
market_caps,1745798400000,1862772247122.064,2025-04-28T00:00:00Z
market_caps,1745884800000,1887067388174.3481,2025-04-29T00:00:00Z
market_caps,1745971200000,1870818389258.4038,2025-04-30T00:00:00Z
market_caps,1746057600000,1871350362569.0933,2025-05-01T00:00:00Z
market_caps,1746144000000,1914884389769.3945,2025-05-02T00:00:00Z
market_caps,1746230400000,1923251765866.1472,2025-05-03T00:00:00Z
market_caps,1746316800000,1904894886394.57,2025-05-04T00:00:00Z
market_caps,1746403200000,1872812442453.0322,2025-05-05T00:00:00Z
market_caps,1746489600000,1882511286487.958,2025-05-06T00:00:00Z
market_caps,1746576000000,1923643840814.599,2025-05-07T00:00:00Z
market_caps,1746662400000,1927134557858.269,2025-05-08T00:00:00Z
market_caps,1746748800000,2047883753852.6929,2025-05-09T00:00:00Z
market_caps,1746835200000,2045046445523.5242,2025-05-10T00:00:00Z
market_caps,1746921600000,2077132539531.3464,2025-05-11T00:00:00Z
market_caps,1747008000000,2065659960471.3655,2025-05-12T00:00:00Z
market_caps,1747094400000,2044347271866.1707,2025-05-13T00:00:00Z
market_caps,1747180800000,2069356072124.024,2025-05-14T00:00:00Z
market_caps,1747267200000,2057798367292.5637,2025-05-15T00:00:00Z
market_caps,1747353600000,2060142559914.034,2025-05-16T00:00:00Z
market_caps,1747440000000,2057725640290.0767,2025-05-17T00:00:00Z
market_caps,1747526400000,2050318521477.805,2025-05-18T00:00:00Z
market_caps,1747612800000,2104889720872.8306,2025-05-19T00:00:00Z
market_caps,1747699200000,2098485415895.0496,2025-05-20T00:00:00Z
market_caps,1747785600000,2121778617273.821,2025-05-21T00:00:00Z
market_caps,1747872000000,2178838967665.505,2025-05-22T00:00:00Z
market_caps,1747958400000,2214712145787.249,2025-05-23T00:00:00Z
market_caps,1748044800000,2131595896624.4407,2025-05-24T00:00:00Z
market_caps,1748131200000,2142540077685.2197,2025-05-25T00:00:00Z
market_caps,1748217600000,2163072841533.6133,2025-05-26T00:00:00Z
market_caps,1748304000000,2173059855839.4187,2025-05-27T00:00:00Z
market_caps,1748390400000,2167551887130.0073,2025-05-28T00:00:00Z
market_caps,1748476800000,2143342706888.307,2025-05-29T00:00:00Z
market_caps,1748563200000,2101348752694.3137,2025-05-30T00:00:00Z
market_caps,1748649600000,2066830946978.0637,2025-05-31T00:00:00Z
market_caps,1748736000000,2080467809295.7695,2025-06-01T00:00:00Z
market_caps,1748822400000,2101178071590.9749,2025-06-02T00:00:00Z
market_caps,1748908800000,2104229403094.936,2025-06-03T00:00:00Z
market_caps,1748995200000,2095294001281.4797,2025-06-04T00:00:00Z
market_caps,1749081600000,2083148839111.2068,2025-06-05T00:00:00Z
market_caps,1749168000000,2020294099992.3677,2025-06-06T00:00:00Z
market_caps,1749254400000,2075175500201.4253,2025-06-07T00:00:00Z
market_caps,1749340800000,2100553336902.5076,2025-06-08T00:00:00Z
market_caps,1749427200000,2100654769399.4705,2025-06-09T00:00:00Z
market_caps,1749513600000,2191877481230.9468,2025-06-10T00:00:00Z
market_caps,1749600000000,2189350055406.3333,2025-06-11T00:00:00Z
market_caps,1749686400000,2159529375273.4956,2025-06-12T00:00:00Z
market_caps,1749772800000,2107911943768.2988,2025-06-13T00:00:00Z
market_caps,1749859200000,2107973087547.7922,2025-06-14T00:00:00Z
market_caps,1749945600000,2097486541223.27,2025-06-15T00:00:00Z
market_caps,1750032000000,2098499110552.6216,2025-06-16T00:00:00Z
market_caps,1750118400000,2127895470544.7178,2025-06-17T00:00:00Z
market_caps,1750204800000,2080968120976.949,2025-06-18T00:00:00Z
market_caps,1750291200000,2081677732261.6853,2025-06-19T00:00:00Z
market_caps,1750377600000,2081355279873.408,2025-06-20T00:00:00Z
market_caps,1750464000000,2054120245608.2085,2025-06-21T00:00:00Z
market_caps,1750550400000,2017415966695.5278,2025-06-22T00:00:00Z
market_caps,1750636800000,2005179769771.7349,2025-06-23T00:00:00Z
market_caps,1750723200000,2097741233586.5918,2025-06-24T00:00:00Z
market_caps,1750809600000,2107110352429.8032,2025-06-25T00:00:00Z
market_caps,1750896000000,2132141147369.0017,2025-06-26T00:00:00Z
market_caps,1750982400000,2127292099754.93,2025-06-27T00:00:00Z
market_caps,1751068800000,2129020567385.9595,2025-06-28T00:00:00Z
market_caps,1751155200000,2134239999929.6584,2025-06-29T00:00:00Z
market_caps,1751241600000,2155183166489.813,2025-06-30T00:00:00Z
market_caps,1751328000000,2130471589191.581,2025-07-01T00:00:00Z
market_caps,1751414400000,2100087563077.9324,2025-07-02T00:00:00Z
market_caps,1751500800000,2163835371770.0977,2025-07-03T00:00:00Z
market_caps,1751587200000,2179664531219.9346,2025-07-04T00:00:00Z
market_caps,1751673600000,2148601712907.3433,2025-07-05T00:00:00Z
market_caps,1751760000000,2152344091389.654,2025-07-06T00:00:00Z
market_caps,1751846400000,2171497503296.0474,2025-07-07T00:00:00Z
market_caps,1751932800000,2153777588647.4504,2025-07-08T00:00:00Z
market_caps,1752019200000,2167049398056.7417,2025-07-09T00:00:00Z
market_caps,1752105600000,2215210888568.426,2025-07-10T00:00:00Z
market_caps,1752192000000,2303292356999.7437,2025-07-11T00:00:00Z
market_caps,1752278400000,2338612196961.7437,2025-07-12T00:00:00Z
market_caps,1752364800000,2335485977830.673,2025-07-13T00:00:00Z
market_caps,1752451200000,2369050366835.5605,2025-07-14T00:00:00Z
market_caps,1752537600000,2383825813673.847,2025-07-15T00:00:00Z
market_caps,1752624000000,2341223394839.9204,2025-07-16T00:00:00Z
market_caps,1752710400000,2363194640209.576,2025-07-17T00:00:00Z
market_caps,1752796800000,2376237382764.3013,2025-07-18T00:00:00Z
market_caps,1752883200000,2347165317624.536,2025-07-19T00:00:00Z
market_caps,1752969600000,2345398337785.541,2025-07-20T00:00:00Z
market_caps,1753056000000,2333757287859.664,2025-07-21T00:00:00Z
market_caps,1753142400000,2337365497467.1313,2025-07-22T00:00:00Z
market_caps,1753228800000,2387516761560.4927,2025-07-23T00:00:00Z
market_caps,1753315200000,2359931875300.5244,2025-07-24T00:00:00Z
market_caps,1753401600000,2354764508342.9937,2025-07-25T00:00:00Z
market_caps,1753488000000,2338855554998.7812,2025-07-26T00:00:00Z
market_caps,1753574400000,2346959472845.027,2025-07-27T00:00:00Z
market_caps,1753660800000,2376524838793.0137,2025-07-28T00:00:00Z
market_caps,1753747200000,2349472897426.4688,2025-07-29T00:00:00Z
market_caps,1753833600000,2345126504020.1143,2025-07-30T00:00:00Z
market_caps,1753920000000,2343717963709.7124,2025-07-31T00:00:00Z
market_caps,1754006400000,2302199162425.1206,2025-08-01T00:00:00Z
market_caps,1754092800000,2253609880959.403,2025-08-02T00:00:00Z
market_caps,1754179200000,2240413983638.112,2025-08-03T00:00:00Z
market_caps,1754265600000,2272802075267.0376,2025-08-04T00:00:00Z
market_caps,1754352000000,2292395156144.1514,2025-08-05T00:00:00Z
market_caps,1754438400000,2271583255077.356,2025-08-06T00:00:00Z
market_caps,1754524800000,2289295036528.6577,2025-08-07T00:00:00Z
market_caps,1754611200000,2337732858703.5435,2025-08-08T00:00:00Z
market_caps,1754697600000,2323026541073.3213,2025-08-09T00:00:00Z
market_caps,1754784000000,2318815857401.68,2025-08-10T00:00:00Z
market_caps,1754870400000,2374097296837.8896,2025-08-11T00:00:00Z
market_caps,1754956800000,2364060561672.9995,2025-08-12T00:00:00Z
market_caps,1755043200000,2392854421745.6157,2025-08-13T00:00:00Z
market_caps,1755129600000,2458895200752.567,2025-08-14T00:00:00Z
market_caps,1755216000000,2360043737045.272,2025-08-15T00:00:00Z
market_caps,1755302400000,2335290383260.173,2025-08-16T00:00:00Z
market_caps,1755388800000,2339465736068.208,2025-08-17T00:00:00Z
market_caps,1755475200000,2340648324181.828,2025-08-18T00:00:00Z
market_caps,1755561600000,2313556987528.4634,2025-08-19T00:00:00Z
market_caps,1755648000000,2245419916215.7417,2025-08-20T00:00:00Z
market_caps,1755734400000,2274471285844.184,2025-08-21T00:00:00Z
market_caps,1755820800000,2238121481749.57,2025-08-22T00:00:00Z
market_caps,1755907200000,2326174803320.612,2025-08-23T00:00:00Z
market_caps,1755993600000,2296786080139.701,2025-08-24T00:00:00Z
market_caps,1756080000000,2259663171125.389,2025-08-25T00:00:00Z
market_caps,1756166400000,2194453712375.598,2025-08-26T00:00:00Z
market_caps,1756252800000,2227025695775.593,2025-08-27T00:00:00Z
market_caps,1756339200000,2215255294289.9937,2025-08-28T00:00:00Z
market_caps,1756425600000,2239422945686.892,2025-08-29T00:00:00Z
market_caps,1756512000000,2160278651486.2852,2025-08-30T00:00:00Z
market_caps,1756598400000,2166165747945.1812,2025-08-31T00:00:00Z
market_caps,1756684800000,2155694976689.5986,2025-09-01T00:00:00Z
market_caps,1756771200000,2174100506466.4321,2025-09-02T00:00:00Z
market_caps,1756857600000,2212595221503.454,2025-09-03T00:00:00Z
market_caps,1756944000000,2225365905592.233,2025-09-04T00:00:00Z
market_caps,1757030400000,2204051936301.3257,2025-09-05T00:00:00Z
market_caps,1757116800000,2204045604630.5625,2025-09-06T00:00:00Z
market_caps,1757203200000,2195288669199.568,2025-09-07T00:00:00Z
market_caps,1757289600000,2213764479139.3647,2025-09-08T00:00:00Z
market_caps,1757376000000,2231763512226.867,2025-09-09T00:00:00Z
market_caps,1757462400000,2222026777598.0474,2025-09-10T00:00:00Z
market_caps,1757548800000,2270241314652.7144,2025-09-11T00:00:00Z
market_caps,1757635200000,2299764311655.674,2025-09-12T00:00:00Z
market_caps,1757721600000,2314347371939.946,2025-09-13T00:00:00Z
market_caps,1757808000000,2310166037871.29,2025-09-14T00:00:00Z
market_caps,1757894400000,2297459118244.424,2025-09-15T00:00:00Z
market_caps,1757980800000,2297977599504.5527,2025-09-16T00:00:00Z
market_caps,1758067200000,2325326932460.9644,2025-09-17T00:00:00Z
market_caps,1758153600000,2321583680138.891,2025-09-18T00:00:00Z
market_caps,1758240000000,2333705338232.097,2025-09-19T00:00:00Z
market_caps,1758326400000,2303469041668.8,2025-09-20T00:00:00Z
market_caps,1758412800000,2305371926506.302,2025-09-21T00:00:00Z
market_caps,1758499200000,2297332085237.645,2025-09-22T00:00:00Z
market_caps,1758585600000,2245929069310.8535,2025-09-23T00:00:00Z
market_caps,1758672000000,2232693472656.6514,2025-09-24T00:00:00Z
market_caps,1758758400000,2257741194218.8286,2025-09-25T00:00:00Z
market_caps,1758844800000,2171950311711.4429,2025-09-26T00:00:00Z
market_caps,1758931200000,2185866776171.5464,2025-09-27T00:00:00Z
market_caps,1759017600000,2185203231301.0562,2025-09-28T00:00:00Z
market_caps,1759104000000,2235798877396.134,2025-09-29T00:00:00Z
market_caps,1759190400000,2278362523594.3135,2025-09-30T00:00:00Z
market_caps,1759276800000,2272137555069.4507,2025-10-01T00:00:00Z
market_caps,1759363200000,2359569556068.08,2025-10-02T00:00:00Z
market_caps,1759449600000,2399524207991.5527,2025-10-03T00:00:00Z
market_caps,1759536000000,2436956902844.7153,2025-10-04T00:00:00Z
market_caps,1759622400000,2438832157552.7866,2025-10-05T00:00:00Z
market_caps,1759708800000,2461221856764.1885,2025-10-06T00:00:00Z
market_caps,1759795200000,2486073086655.2866,2025-10-07T00:00:00Z
market_caps,1759881600000,2421938444026.2783,2025-10-08T00:00:00Z
market_caps,1759968000000,2459003621170.118,2025-10-09T00:00:00Z
market_caps,1760054400000,2423288659157.484,2025-10-10T00:00:00Z
market_caps,1760140800000,2265659827789.9917,2025-10-11T00:00:00Z
market_caps,1760227200000,2211404015103.109,2025-10-12T00:00:00Z
market_caps,1760313600000,2294724465036.9785,2025-10-13T00:00:00Z
market_caps,1760400000000,2296863527017.9863,2025-10-14T00:00:00Z
market_caps,1760486400000,2257545230986.0146,2025-10-15T00:00:00Z
market_caps,1760572800000,2207742082237.0483,2025-10-16T00:00:00Z
market_caps,1760659200000,2154964541836.455,2025-10-17T00:00:00Z
market_caps,1760745600000,2123017949517.1426,2025-10-18T00:00:00Z
market_caps,1760832000000,2135575517405.9185,2025-10-19T00:00:00Z
market_caps,1760918400000,2165367850075.0042,2025-10-20T00:00:00Z
market_caps,1761004800000,2205571381112.93,2025-10-21T00:00:00Z
market_caps,1761091200000,2162410619417.9114,2025-10-22T00:00:00Z
market_caps,1761177600000,2145773248654.6448,2025-10-23T00:00:00Z
market_caps,1761264000000,2193901841033.9053,2025-10-24T00:00:00Z
market_caps,1761350400000,2213306367536.756,2025-10-25T00:00:00Z
market_caps,1761436800000,2224861052775.0015,2025-10-26T00:00:00Z
market_caps,1761523200000,2283691326423.212,2025-10-27T00:00:00Z
market_caps,1761609600000,2276235094681.6714,2025-10-28T00:00:00Z
market_caps,1761696000000,2254003248725.4917,2025-10-29T00:00:00Z
market_caps,1761782400000,2194746293754.542,2025-10-30T00:00:00Z
market_caps,1761868800000,2157803742876.0747,2025-10-31T00:00:00Z
market_caps,1761955200000,2185193896779.3408,2025-11-01T00:00:00Z
market_caps,1762041600000,2194075979770.0623,2025-11-02T00:00:00Z
market_caps,1762128000000,2201849942058.28,2025-11-03T00:00:00Z
market_caps,1762214400000,2123664079961.7026,2025-11-04T00:00:00Z
market_caps,1762300800000,2026091188341.184,2025-11-05T00:00:00Z
market_caps,1762387200000,2073000557933.8025,2025-11-06T00:00:00Z
market_caps,1762473600000,2019147576692.263,2025-11-07T00:00:00Z
market_caps,1762560000000,2063021740892.1375,2025-11-08T00:00:00Z
market_caps,1762646400000,2039995976869.1492,2025-11-09T00:00:00Z
market_caps,1762732800000,2086419359800.0503,2025-11-10T00:00:00Z
market_caps,1762819200000,2112747067951.9028,2025-11-11T00:00:00Z
market_caps,1762905600000,2053215927640.825,2025-11-12T00:00:00Z
market_caps,1762992000000,2025837265459.7573,2025-11-13T00:00:00Z
market_caps,1763078400000,1996168972711.9963,2025-11-14T00:00:00Z
market_caps,1763164800000,1891799949910.1116,2025-11-15T00:00:00Z
market_caps,1763251200000,1905234340631.9912,2025-11-16T00:00:00Z
market_caps,1763337600000,1883240679702.7427,2025-11-17T00:00:00Z
market_caps,1763424000000,1835458818945.8962,2025-11-18T00:00:00Z
market_caps,1763510400000,1851234710246.605,2025-11-19T00:00:00Z
market_caps,1763596800000,1820062799702.324,2025-11-20T00:00:00Z
market_caps,1763683200000,1731258563683.1287,2025-11-21T00:00:00Z
market_caps,1763769600000,1697723941246.0479,2025-11-22T00:00:00Z
market_caps,1763856000000,1690556523055.809,2025-11-23T00:00:00Z
market_caps,1763942400000,1732233225777.4016,2025-11-24T00:00:00Z
market_caps,1764028800000,1761564072532.238,2025-11-25T00:00:00Z
market_caps,1764115200000,1742162762885.542,2025-11-26T00:00:00Z
market_caps,1764201600000,1806439309544.997,2025-11-27T00:00:00Z
market_caps,1764288000000,1821778517479.9226,2025-11-28T00:00:00Z
market_caps,1764374400000,1814919896425.4082,2025-11-29T00:00:00Z
market_caps,1764460800000,1812771321410.9438,2025-11-30T00:00:00Z
market_caps,1764547200000,1807818977105.3909,2025-12-01T00:00:00Z
market_caps,1764629131000,1725896908558.6182,2025-12-01T22:45:31Z
total_volumes,1733097600000,49147687432.565895,2024-12-02T00:00:00Z
total_volumes,1733184000000,101019861361.49252,2024-12-03T00:00:00Z
total_volumes,1733270400000,87935752287.975,2024-12-04T00:00:00Z
total_volumes,1733356800000,98230784298.0459,2024-12-05T00:00:00Z
total_volumes,1733443200000,190460293531.53802,2024-12-06T00:00:00Z
total_volumes,1733529600000,115812632020.44765,2024-12-07T00:00:00Z
total_volumes,1733616000000,61061136199.7846,2024-12-08T00:00:00Z
total_volumes,1733702400000,62677764785.05408,2024-12-09T00:00:00Z
total_volumes,1733788800000,146846843211.51685,2024-12-10T00:00:00Z
total_volumes,1733875200000,125835977742.51114,2024-12-11T00:00:00Z
total_volumes,1733961600000,118484957960.76833,2024-12-12T00:00:00Z
total_volumes,1734048000000,100092043319.81221,2024-12-13T00:00:00Z
total_volumes,1734134400000,78802903278.85962,2024-12-14T00:00:00Z
total_volumes,1734220800000,57321924844.41535,2024-12-15T00:00:00Z
total_volumes,1734307200000,70645074624.52869,2024-12-16T00:00:00Z
total_volumes,1734393600000,115184737759.33566,2024-12-17T00:00:00Z
total_volumes,1734480000000,93417826250.1972,2024-12-18T00:00:00Z
total_volumes,1734566400000,113692025885.44745,2024-12-19T00:00:00Z
total_volumes,1734652800000,100611554887.24123,2024-12-20T00:00:00Z
total_volumes,1734739200000,112340864006.62827,2024-12-21T00:00:00Z
total_volumes,1734825600000,53058382639.48845,2024-12-22T00:00:00Z
total_volumes,1734912000000,44619017105.36954,2024-12-23T00:00:00Z
total_volumes,1734998400000,64937790292.61125,2024-12-24T00:00:00Z
total_volumes,1735084800000,49169088282.15742,2024-12-25T00:00:00Z
total_volumes,1735171200000,33963749856.44743,2024-12-26T00:00:00Z
total_volumes,1735257600000,45049342388.18843,2024-12-27T00:00:00Z
total_volumes,1735344000000,41498540807.666954,2024-12-28T00:00:00Z
total_volumes,1735430400000,22429850903.940086,2024-12-29T00:00:00Z
total_volumes,1735516800000,24065314499.502274,2024-12-30T00:00:00Z
total_volumes,1735603200000,57595164139.4709,2024-12-31T00:00:00Z
total_volumes,1735689600000,45327464907.74362,2025-01-01T00:00:00Z
total_volumes,1735776000000,23275007789.496334,2025-01-02T00:00:00Z
total_volumes,1735862400000,45157338602.617516,2025-01-03T00:00:00Z
total_volumes,1735948800000,35721645948.10051,2025-01-04T00:00:00Z
total_volumes,1736035200000,20979035420.980793,2025-01-05T00:00:00Z
total_volumes,1736121600000,20060293834.7155,2025-01-06T00:00:00Z
total_volumes,1736208000000,46111387334.46171,2025-01-07T00:00:00Z
total_volumes,1736294400000,60610257147.15405,2025-01-08T00:00:00Z
total_volumes,1736380800000,65790469838.34392,2025-01-09T00:00:00Z
total_volumes,1736467200000,65850881574.76184,2025-01-10T00:00:00Z
total_volumes,1736553600000,63433655716.757095,2025-01-11T00:00:00Z
total_volumes,1736640000000,17836423168.41627,2025-01-12T00:00:00Z
total_volumes,1736726400000,19608932595.53299,2025-01-13T00:00:00Z
total_volumes,1736812800000,76328330233.31137,2025-01-14T00:00:00Z
total_volumes,1736899200000,51241728228.81719,2025-01-15T00:00:00Z
total_volumes,1736985600000,57637319739.543396,2025-01-16T00:00:00Z
total_volumes,1737072000000,50150102497.2729,2025-01-17T00:00:00Z
total_volumes,1737158400000,69135117732.00064,2025-01-18T00:00:00Z
total_volumes,1737244800000,49416447749.13053,2025-01-19T00:00:00Z
total_volumes,1737331200000,72970313683.92325,2025-01-20T00:00:00Z
total_volumes,1737417600000,120158523166.88387,2025-01-21T00:00:00Z
total_volumes,1737504000000,95344290057.8965,2025-01-22T00:00:00Z
total_volumes,1737590400000,55030669602.56557,2025-01-23T00:00:00Z
total_volumes,1737676800000,102455227371.20761,2025-01-24T00:00:00Z
total_volumes,1737763200000,51418786362.7815,2025-01-25T00:00:00Z
total_volumes,1737849600000,22740744964.719296,2025-01-26T00:00:00Z
total_volumes,1737936000000,20639818380.26942,2025-01-27T00:00:00Z
total_volumes,1738022400000,93191643783.24739,2025-01-28T00:00:00Z
total_volumes,1738108800000,45780526813.56264,2025-01-29T00:00:00Z
total_volumes,1738195200000,47425401641.53094,2025-01-30T00:00:00Z
total_volumes,1738281600000,42122570869.034325,2025-01-31T00:00:00Z
total_volumes,1738368000000,37187819228.35328,2025-02-01T00:00:00Z
total_volumes,1738454400000,22827776122.48367,2025-02-02T00:00:00Z
total_volumes,1738540800000,59784234332.21204,2025-02-03T00:00:00Z
total_volumes,1738627200000,122163969235.23686,2025-02-04T00:00:00Z
total_volumes,1738713600000,73196693057.98114,2025-02-05T00:00:00Z
total_volumes,1738800000000,48848958931.79228,2025-02-06T00:00:00Z
total_volumes,1738886400000,44462180396.172516,2025-02-07T00:00:00Z
total_volumes,1738972800000,57077722340.22422,2025-02-08T00:00:00Z
total_volumes,1739059200000,20760850644.84597,2025-02-09T00:00:00Z
total_volumes,1739145600000,25457107581.051964,2025-02-10T00:00:00Z
total_volumes,1739232000000,37054987393.57789,2025-02-11T00:00:00Z
total_volumes,1739318400000,36454577154.5622,2025-02-12T00:00:00Z
total_volumes,1739404800000,47115618235.19051,2025-02-13T00:00:00Z
total_volumes,1739491200000,29084371910.690556,2025-02-14T00:00:00Z
total_volumes,1739577600000,32289906944.92862,2025-02-15T00:00:00Z
total_volumes,1739664000000,14215311318.346336,2025-02-16T00:00:00Z
total_volumes,1739750400000,13634794998.739267,2025-02-17T00:00:00Z
total_volumes,1739836800000,25324374113.08163,2025-02-18T00:00:00Z
total_volumes,1739923200000,38311133144.729355,2025-02-19T00:00:00Z
total_volumes,1740009600000,27703222487.389572,2025-02-20T00:00:00Z
total_volumes,1740096000000,24175261969.81266,2025-02-21T00:00:00Z
total_volumes,1740182400000,42477472950.92155,2025-02-22T00:00:00Z
total_volumes,1740268800000,18464415570.762142,2025-02-23T00:00:00Z
total_volumes,1740355200000,16643044374.983364,2025-02-24T00:00:00Z
total_volumes,1740441600000,45539703844.38777,2025-02-25T00:00:00Z
total_volumes,1740528000000,96742453402.56294,2025-02-26T00:00:00Z
total_volumes,1740614400000,69277430795.68657,2025-02-27T00:00:00Z
total_volumes,1740700800000,81960688217.70384,2025-02-28T00:00:00Z
total_volumes,1740787200000,80695237175.07367,2025-03-01T00:00:00Z
total_volumes,1740873600000,30634474722.6359,2025-03-02T00:00:00Z
total_volumes,1740960000000,61859112550.80991,2025-03-03T00:00:00Z
total_volumes,1741046400000,68715362745.4567,2025-03-04T00:00:00Z
total_volumes,1741132800000,65863356680.42408,2025-03-05T00:00:00Z
total_volumes,1741219200000,51606642859.81411,2025-03-06T00:00:00Z
total_volumes,1741305600000,47555759124.64708,2025-03-07T00:00:00Z
total_volumes,1741392000000,63216440874.73251,2025-03-08T00:00:00Z
total_volumes,1741478400000,18809360803.37126,2025-03-09T00:00:00Z
total_volumes,1741564800000,32013406240.51754,2025-03-10T00:00:00Z
total_volumes,1741651200000,49983692766.22745,2025-03-11T00:00:00Z
total_volumes,1741737600000,56404462275.083046,2025-03-12T00:00:00Z
total_volumes,1741824000000,41782186208.59073,2025-03-13T00:00:00Z
total_volumes,1741910400000,32583592654.882656,2025-03-14T00:00:00Z
total_volumes,1741996800000,28571483950.074646,2025-03-15T00:00:00Z
total_volumes,1742083200000,10761796127.312485,2025-03-16T00:00:00Z
total_volumes,1742169600000,21638031633.118767,2025-03-17T00:00:00Z
total_volumes,1742256000000,19659366246.596867,2025-03-18T00:00:00Z
total_volumes,1742342400000,24557570268.85276,2025-03-19T00:00:00Z
total_volumes,1742428800000,33871216993.304657,2025-03-20T00:00:00Z
total_volumes,1742515200000,27579127651.06656,2025-03-21T00:00:00Z
total_volumes,1742601600000,18091004975.919056,2025-03-22T00:00:00Z
total_volumes,1742688000000,7771134681.982918,2025-03-23T00:00:00Z
total_volumes,1742774400000,12617587530.619724,2025-03-24T00:00:00Z
total_volumes,1742860800000,27270889835.1835,2025-03-25T00:00:00Z
total_volumes,1742947200000,30351832942.705593,2025-03-26T00:00:00Z
total_volumes,1743033600000,25522877558.700558,2025-03-27T00:00:00Z
total_volumes,1743120000000,24620445368.489468,2025-03-28T00:00:00Z
total_volumes,1743206400000,31674486232.097313,2025-03-29T00:00:00Z
total_volumes,1743292800000,16837439419.924389,2025-03-30T00:00:00Z
total_volumes,1743379200000,13428975108.070734,2025-03-31T00:00:00Z
total_volumes,1743465600000,30326148749.91535,2025-04-01T00:00:00Z
total_volumes,1743552000000,29172899851.734768,2025-04-02T00:00:00Z
total_volumes,1743638400000,46332905657.77597,2025-04-03T00:00:00Z
total_volumes,1743724800000,36594464539.14662,2025-04-04T00:00:00Z
total_volumes,1743811200000,35647289400.47406,2025-04-05T00:00:00Z
total_volumes,1743897600000,14910400035.531416,2025-04-06T00:00:00Z
total_volumes,1743984000000,36140377231.68329,2025-04-07T00:00:00Z
total_volumes,1744070400000,82909748172.59216,2025-04-08T00:00:00Z
total_volumes,1744156800000,47812787635.22632,2025-04-09T00:00:00Z
total_volumes,1744243200000,87408220482.11568,2025-04-10T00:00:00Z
total_volumes,1744329600000,41213520154.25157,2025-04-11T00:00:00Z
total_volumes,1744416000000,39813566443.76779,2025-04-12T00:00:00Z
total_volumes,1744502400000,22428929482.069122,2025-04-13T00:00:00Z
total_volumes,1744588800000,28731125717.934357,2025-04-14T00:00:00Z
total_volumes,1744675200000,33155578229.343513,2025-04-15T00:00:00Z
total_volumes,1744761600000,25084671427.622566,2025-04-16T00:00:00Z
total_volumes,1744848000000,26948109141.803364,2025-04-17T00:00:00Z
total_volumes,1744934400000,19323821375.14309,2025-04-18T00:00:00Z
total_volumes,1745020800000,9550691272.782005,2025-04-19T00:00:00Z
total_volumes,1745107200000,12635983530.804455,2025-04-20T00:00:00Z
total_volumes,1745193600000,12625843856.313684,2025-04-21T00:00:00Z
total_volumes,1745280000000,40070025414.28289,2025-04-22T00:00:00Z
total_volumes,1745366400000,53841992235.36636,2025-04-23T00:00:00Z
total_volumes,1745452800000,39901515879.65954,2025-04-24T00:00:00Z
total_volumes,1745539200000,30031246761.093452,2025-04-25T00:00:00Z
total_volumes,1745625600000,39336184715.04292,2025-04-26T00:00:00Z
total_volumes,1745712000000,15445392739.787264,2025-04-27T00:00:00Z
total_volumes,1745798400000,15926259371.057959,2025-04-28T00:00:00Z
total_volumes,1745884800000,31913814736.53902,2025-04-29T00:00:00Z
total_volumes,1745971200000,25882629766.278946,2025-04-30T00:00:00Z
total_volumes,1746057600000,26541700309.366146,2025-05-01T00:00:00Z
total_volumes,1746144000000,30207566405.468834,2025-05-02T00:00:00Z
total_volumes,1746230400000,23276376191.483967,2025-05-03T00:00:00Z
total_volumes,1746316800000,13797554863.642815,2025-05-04T00:00:00Z
total_volumes,1746403200000,14903122945.616686,2025-05-05T00:00:00Z
total_volumes,1746489600000,24086456278.203846,2025-05-06T00:00:00Z
total_volumes,1746576000000,23348052607.071873,2025-05-07T00:00:00Z
total_volumes,1746662400000,64376174032.08048,2025-05-08T00:00:00Z
total_volumes,1746748800000,50020047720.65604,2025-05-09T00:00:00Z
total_volumes,1746835200000,40800894903.23446,2025-05-10T00:00:00Z
total_volumes,1746921600000,21558992540.042442,2025-05-11T00:00:00Z
total_volumes,1747008000000,27389436049.454792,2025-05-12T00:00:00Z
total_volumes,1747094400000,43090605819.36596,2025-05-13T00:00:00Z
total_volumes,1747180800000,33861432519.50822,2025-05-14T00:00:00Z
total_volumes,1747267200000,28398245846.798244,2025-05-15T00:00:00Z
total_volumes,1747353600000,31823340473.339912,2025-05-16T00:00:00Z
total_volumes,1747440000000,25887953182.14765,2025-05-17T00:00:00Z
total_volumes,1747526400000,18950056010.479057,2025-05-18T00:00:00Z
total_volumes,1747612800000,30744060179.802963,2025-05-19T00:00:00Z
total_volumes,1747699200000,43339734153.75087,2025-05-20T00:00:00Z
total_volumes,1747785600000,36393687094.25122,2025-05-21T00:00:00Z
total_volumes,1747872000000,60722883113.84,2025-05-22T00:00:00Z
total_volumes,1747958400000,52218408239.45193,2025-05-23T00:00:00Z
total_volumes,1748044800000,49251745837.96465,2025-05-24T00:00:00Z
total_volumes,1748131200000,27128230116.517162,2025-05-25T00:00:00Z
total_volumes,1748217600000,29652659665.048733,2025-05-26T00:00:00Z
total_volumes,1748304000000,27950577137.918888,2025-05-27T00:00:00Z
total_volumes,1748390400000,38978783508.88622,2025-05-28T00:00:00Z
total_volumes,1748476800000,29794278037.284946,2025-05-29T00:00:00Z
total_volumes,1748563200000,38279231892.56757,2025-05-30T00:00:00Z
total_volumes,1748649600000,39680060337.610214,2025-05-31T00:00:00Z
total_volumes,1748736000000,20432694555.09522,2025-06-01T00:00:00Z
total_volumes,1748822400000,17721500507.53389,2025-06-02T00:00:00Z
total_volumes,1748908800000,26313843058.73954,2025-06-03T00:00:00Z
total_volumes,1748995200000,25925661121.080395,2025-06-04T00:00:00Z
total_volumes,1749081600000,25812143562.797962,2025-06-05T00:00:00Z
total_volumes,1749168000000,39711941132.0234,2025-06-06T00:00:00Z
total_volumes,1749254400000,29897390978.090103,2025-06-07T00:00:00Z
total_volumes,1749340800000,17749731308.73042,2025-06-08T00:00:00Z
total_volumes,1749427200000,16044679696.270103,2025-06-09T00:00:00Z
total_volumes,1749513600000,38222993297.50514,2025-06-10T00:00:00Z
total_volumes,1749600000000,36303839182.734825,2025-06-11T00:00:00Z
total_volumes,1749686400000,30338936631.626648,2025-06-12T00:00:00Z
total_volumes,1749772800000,35865159511.38857,2025-06-13T00:00:00Z
total_volumes,1749859200000,49471015505.74361,2025-06-14T00:00:00Z
total_volumes,1749945600000,17916412455.866283,2025-06-15T00:00:00Z
total_volumes,1750032000000,16568441852.649668,2025-06-16T00:00:00Z
total_volumes,1750118400000,32095957011.724205,2025-06-17T00:00:00Z
total_volumes,1750204800000,38603212010.889435,2025-06-18T00:00:00Z
total_volumes,1750291200000,30339326410.154945,2025-06-19T00:00:00Z
total_volumes,1750377600000,18063282658.152298,2025-06-20T00:00:00Z
total_volumes,1750464000000,30632751225.407444,2025-06-21T00:00:00Z
total_volumes,1750550400000,21644463198.719532,2025-06-22T00:00:00Z
total_volumes,1750636800000,51287142390.02526,2025-06-23T00:00:00Z
total_volumes,1750723200000,50011797128.6837,2025-06-24T00:00:00Z
total_volumes,1750809600000,31704641076.941063,2025-06-25T00:00:00Z
total_volumes,1750896000000,30468274982.034847,2025-06-26T00:00:00Z
total_volumes,1750982400000,24320699663.15122,2025-06-27T00:00:00Z
total_volumes,1751068800000,25194306261.888832,2025-06-28T00:00:00Z
total_volumes,1751155200000,8960877693.57604,2025-06-29T00:00:00Z
total_volumes,1751241600000,14881078675.366829,2025-06-30T00:00:00Z
total_volumes,1751328000000,22489515582.41552,2025-07-01T00:00:00Z
total_volumes,1751414400000,25033160828.30909,2025-07-02T00:00:00Z
total_volumes,1751500800000,36395184773.06136,2025-07-03T00:00:00Z
total_volumes,1751587200000,29892049537.628605,2025-07-04T00:00:00Z
total_volumes,1751673600000,24248906784.57383,2025-07-05T00:00:00Z
total_volumes,1751760000000,10042942280.966904,2025-07-06T00:00:00Z
total_volumes,1751846400000,14638669497.351297,2025-07-07T00:00:00Z
total_volumes,1751932800000,25493246475.80407,2025-07-08T00:00:00Z
total_volumes,1752019200000,20488865138.27645,2025-07-09T00:00:00Z
total_volumes,1752105600000,37078460440.66385,2025-07-10T00:00:00Z
total_volumes,1752192000000,56204086624.04028,2025-07-11T00:00:00Z
total_volumes,1752278400000,64185145923.88688,2025-07-12T00:00:00Z
total_volumes,1752364800000,24351256098.393543,2025-07-13T00:00:00Z
total_volumes,1752451200000,27310851454.97692,2025-07-14T00:00:00Z
total_volumes,1752537600000,68915956378.80447,2025-07-15T00:00:00Z
total_volumes,1752624000000,80299520980.2335,2025-07-16T00:00:00Z
total_volumes,1752710400000,50374263848.76278,2025-07-17T00:00:00Z
total_volumes,1752796800000,49282617205.72662,2025-07-18T00:00:00Z
total_volumes,1752883200000,58896449260.69391,2025-07-19T00:00:00Z
total_volumes,1752969600000,23934511126.349533,2025-07-20T00:00:00Z
total_volumes,1753056000000,36702153882.06748,2025-07-21T00:00:00Z
total_volumes,1753142400000,46344384345.39471,2025-07-22T00:00:00Z
total_volumes,1753228800000,58939000420.94166,2025-07-23T00:00:00Z
total_volumes,1753315200000,45225685167.61703,2025-07-24T00:00:00Z
total_volumes,1753401600000,51940414419.3327,2025-07-25T00:00:00Z
total_volumes,1753488000000,91617702596.10347,2025-07-26T00:00:00Z
total_volumes,1753574400000,25145925063.881348,2025-07-27T00:00:00Z
total_volumes,1753660800000,30220402191.467663,2025-07-28T00:00:00Z
total_volumes,1753747200000,43433742203.62158,2025-07-29T00:00:00Z
total_volumes,1753833600000,42860287143.68828,2025-07-30T00:00:00Z
total_volumes,1753920000000,43054424656.58649,2025-07-31T00:00:00Z
total_volumes,1754006400000,45238249453.35885,2025-08-01T00:00:00Z
total_volumes,1754092800000,65794680822.25255,2025-08-02T00:00:00Z
total_volumes,1754179200000,33543439044.09785,2025-08-03T00:00:00Z
total_volumes,1754265600000,24689273719.085533,2025-08-04T00:00:00Z
total_volumes,1754352000000,32488023582.82734,2025-08-05T00:00:00Z
total_volumes,1754438400000,37316213251.97167,2025-08-06T00:00:00Z
total_volumes,1754524800000,32052509631.058872,2025-08-07T00:00:00Z
total_volumes,1754611200000,38289687095.00489,2025-08-08T00:00:00Z
total_volumes,1754697600000,33017415812.97353,2025-08-09T00:00:00Z
total_volumes,1754784000000,27638785406.21056,2025-08-10T00:00:00Z
total_volumes,1754870400000,37157754754.85189,2025-08-11T00:00:00Z
total_volumes,1754956800000,61739781527.95854,2025-08-12T00:00:00Z
total_volumes,1755043200000,46941089789.57991,2025-08-13T00:00:00Z
total_volumes,1755129600000,61818118105.53991,2025-08-14T00:00:00Z
total_volumes,1755216000000,73822008367.99681,2025-08-15T00:00:00Z
total_volumes,1755302400000,44268714220.021,2025-08-16T00:00:00Z
total_volumes,1755388800000,23202714236.542347,2025-08-17T00:00:00Z
total_volumes,1755475200000,20906566026.645443,2025-08-18T00:00:00Z
total_volumes,1755561600000,47337926940.98573,2025-08-19T00:00:00Z
total_volumes,1755648000000,46156885037.403885,2025-08-20T00:00:00Z
total_volumes,1755734400000,42166369117.006935,2025-08-21T00:00:00Z
total_volumes,1755820800000,32048202090.65466,2025-08-22T00:00:00Z
total_volumes,1755907200000,50878158870.82928,2025-08-23T00:00:00Z
total_volumes,1755993600000,27306719885.257973,2025-08-24T00:00:00Z
total_volumes,1756080000000,40682656776.69001,2025-08-25T00:00:00Z
total_volumes,1756166400000,52854872363.936554,2025-08-26T00:00:00Z
total_volumes,1756252800000,43023800053.0546,2025-08-27T00:00:00Z
total_volumes,1756339200000,36957904262.995804,2025-08-28T00:00:00Z
total_volumes,1756425600000,34222495087.206894,2025-08-29T00:00:00Z
total_volumes,1756512000000,51702115726.38959,2025-08-30T00:00:00Z
total_volumes,1756598400000,27799981330.792213,2025-08-31T00:00:00Z
total_volumes,1756684800000,26140904019.246822,2025-09-01T00:00:00Z
total_volumes,1756771200000,42999610648.39302,2025-09-02T00:00:00Z
total_volumes,1756857600000,50235464642.845955,2025-09-03T00:00:00Z
total_volumes,1756944000000,36406080683.42747,2025-09-04T00:00:00Z
total_volumes,1757030400000,38708366685.43147,2025-09-05T00:00:00Z
total_volumes,1757116800000,56020470627.40665,2025-09-06T00:00:00Z
total_volumes,1757203200000,19340758702.076332,2025-09-07T00:00:00Z
total_volumes,1757289600000,22147049159.335133,2025-09-08T00:00:00Z
total_volumes,1757376000000,37159847899.8603,2025-09-09T00:00:00Z
total_volumes,1757462400000,45338021458.38368,2025-09-10T00:00:00Z
total_volumes,1757548800000,52205187155.05567,2025-09-11T00:00:00Z
total_volumes,1757635200000,43752917632.95067,2025-09-12T00:00:00Z
total_volumes,1757721600000,51192951485.864395,2025-09-13T00:00:00Z
total_volumes,1757808000000,30063858747.76022,2025-09-14T00:00:00Z
total_volumes,1757894400000,26889399414.610912,2025-09-15T00:00:00Z
total_volumes,1757980800000,46947581231.08198,2025-09-16T00:00:00Z
total_volumes,1758067200000,39964451595.099724,2025-09-17T00:00:00Z
total_volumes,1758153600000,54740952295.37868,2025-09-18T00:00:00Z
total_volumes,1758240000000,43642467075.25838,2025-09-19T00:00:00Z
total_volumes,1758326400000,34296721252.33001,2025-09-20T00:00:00Z
total_volumes,1758412800000,18774953731.290394,2025-09-21T00:00:00Z
total_volumes,1758499200000,18659113982.495464,2025-09-22T00:00:00Z
total_volumes,1758585600000,69152342029.46799,2025-09-23T00:00:00Z
total_volumes,1758672000000,46154878824.043465,2025-09-24T00:00:00Z
total_volumes,1758758400000,46677543220.334526,2025-09-25T00:00:00Z
total_volumes,1758844800000,74481796351.47305,2025-09-26T00:00:00Z
total_volumes,1758931200000,55257214020.568245,2025-09-27T00:00:00Z
total_volumes,1759017600000,23294896964.31016,2025-09-28T00:00:00Z
total_volumes,1759104000000,31274654338.51212,2025-09-29T00:00:00Z
total_volumes,1759190400000,57833295882.65785,2025-09-30T00:00:00Z
total_volumes,1759276800000,57718901820.70616,2025-10-01T00:00:00Z
total_volumes,1759363200000,69920179085.4708,2025-10-02T00:00:00Z
total_volumes,1759449600000,71252850672.75252,2025-10-03T00:00:00Z
total_volumes,1759536000000,83155430408.51796,2025-10-04T00:00:00Z
total_volumes,1759622400000,35161626561.80918,2025-10-05T00:00:00Z
total_volumes,1759708800000,72011486031.26575,2025-10-06T00:00:00Z
total_volumes,1759795200000,69605991064.72382,2025-10-07T00:00:00Z
total_volumes,1759881600000,76087884719.80028,2025-10-08T00:00:00Z
total_volumes,1759968000000,62576032795.36722,2025-10-09T00:00:00Z
total_volumes,1760054400000,72097306668.91356,2025-10-10T00:00:00Z
total_volumes,1760140800000,151002213089.8765,2025-10-11T00:00:00Z
total_volumes,1760227200000,108643865752.17674,2025-10-12T00:00:00Z
total_volumes,1760313600000,93857100744.12454,2025-10-13T00:00:00Z
total_volumes,1760400000000,68935270367.04033,2025-10-14T00:00:00Z
total_volumes,1760486400000,91211854988.91518,2025-10-15T00:00:00Z
total_volumes,1760572800000,68877328886.40259,2025-10-16T00:00:00Z
total_volumes,1760659200000,84773160808.27399,2025-10-17T00:00:00Z
total_volumes,1760745600000,94325236794.78163,2025-10-18T00:00:00Z
total_volumes,1760832000000,34412835719.61292,2025-10-19T00:00:00Z
total_volumes,1760918400000,45373692612.394394,2025-10-20T00:00:00Z
total_volumes,1761004800000,60452111148.140076,2025-10-21T00:00:00Z
total_volumes,1761091200000,105841401713.00197,2025-10-22T00:00:00Z
total_volumes,1761177600000,83996418125.93103,2025-10-23T00:00:00Z
total_volumes,1761264000000,56192643013.57058,2025-10-24T00:00:00Z
total_volumes,1761350400000,49120903424.344864,2025-10-25T00:00:00Z
total_volumes,1761436800000,23214874411.212166,2025-10-26T00:00:00Z
total_volumes,1761523200000,42483268634.18711,2025-10-27T00:00:00Z
total_volumes,1761609600000,63764801510.65889,2025-10-28T00:00:00Z
total_volumes,1761696000000,66299512352.17796,2025-10-29T00:00:00Z
total_volumes,1761782400000,64235327509.05742,2025-10-30T00:00:00Z
total_volumes,1761868800000,72648897659.94229,2025-10-31T00:00:00Z
total_volumes,1761955200000,58800487940.5146,2025-11-01T00:00:00Z
total_volumes,1762041600000,24938475577.849922,2025-11-02T00:00:00Z
total_volumes,1762128000000,35098774843.7742,2025-11-03T00:00:00Z
total_volumes,1762214400000,75068433317.86293,2025-11-04T00:00:00Z
total_volumes,1762300800000,108965721650.60309,2025-11-05T00:00:00Z
total_volumes,1762387200000,77083907216.62631,2025-11-06T00:00:00Z
total_volumes,1762473600000,64118217249.57436,2025-11-07T00:00:00Z
total_volumes,1762560000000,93627003785.31018,2025-11-08T00:00:00Z
total_volumes,1762646400000,51095924202.31797,2025-11-09T00:00:00Z
total_volumes,1762732800000,59952468437.71812,2025-11-10T00:00:00Z
total_volumes,1762819200000,67546556819.52642,2025-11-11T00:00:00Z
total_volumes,1762905600000,71008299178.73956,2025-11-12T00:00:00Z
total_volumes,1762992000000,63332414142.58827,2025-11-13T00:00:00Z
total_volumes,1763078400000,100463341916.4732,2025-11-14T00:00:00Z
total_volumes,1763164800000,113198323665.38873,2025-11-15T00:00:00Z
total_volumes,1763251200000,39062120798.23745,2025-11-16T00:00:00Z
total_volumes,1763337600000,72645149972.7847,2025-11-17T00:00:00Z
total_volumes,1763424000000,95794596045.06412,2025-11-18T00:00:00Z
total_volumes,1763510400000,103837258806.01602,2025-11-19T00:00:00Z
total_volumes,1763596800000,82897875507.45229,2025-11-20T00:00:00Z
total_volumes,1763683200000,99171039191.1295,2025-11-21T00:00:00Z
total_volumes,1763769600000,135093457122.46469,2025-11-22T00:00:00Z
total_volumes,1763856000000,42644968955.2184,2025-11-23T00:00:00Z
total_volumes,1763942400000,60446592409.29218,2025-11-24T00:00:00Z
total_volumes,1764028800000,77606296173.43544,2025-11-25T00:00:00Z
total_volumes,1764115200000,67956444142.18749,2025-11-26T00:00:00Z
total_volumes,1764201600000,69690430587.90018,2025-11-27T00:00:00Z
total_volumes,1764288000000,59295194347.668594,2025-11-28T00:00:00Z
total_volumes,1764374400000,62833195066.53989,2025-11-29T00:00:00Z
total_volumes,1764460800000,39253888201.69327,2025-11-30T00:00:00Z
total_volumes,1764547200000,40334819409.843475,2025-12-01T00:00:00Z
total_volumes,1764629131000,92503580665.52077,2025-12-01T22:45:31Z
