datetime,hits,keyword,geo,time,gprop,category
2024-12-02T00:00:00Z,37,bitcoin,US,2024-12-02 2025-03-01,web,0
2024-12-03T00:00:00Z,35,bitcoin,US,2024-12-02 2025-03-01,web,0
2024-12-04T00:00:00Z,35,bitcoin,US,2024-12-02 2025-03-01,web,0
2024-12-05T00:00:00Z,100,bitcoin,US,2024-12-02 2025-03-01,web,0
2024-12-06T00:00:00Z,61,bitcoin,US,2024-12-02 2025-03-01,web,0
2024-12-07T00:00:00Z,44,bitcoin,US,2024-12-02 2025-03-01,web,0
2024-12-08T00:00:00Z,38,bitcoin,US,2024-12-02 2025-03-01,web,0
2024-12-09T00:00:00Z,42,bitcoin,US,2024-12-02 2025-03-01,web,0
2024-12-10T00:00:00Z,42,bitcoin,US,2024-12-02 2025-03-01,web,0
2024-12-11T00:00:00Z,39,bitcoin,US,2024-12-02 2025-03-01,web,0
2024-12-12T00:00:00Z,39,bitcoin,US,2024-12-02 2025-03-01,web,0
2024-12-13T00:00:00Z,33,bitcoin,US,2024-12-02 2025-03-01,web,0
2024-12-14T00:00:00Z,30,bitcoin,US,2024-12-02 2025-03-01,web,0
2024-12-15T00:00:00Z,32,bitcoin,US,2024-12-02 2025-03-01,web,0
2024-12-16T00:00:00Z,49,bitcoin,US,2024-12-02 2025-03-01,web,0
2024-12-17T00:00:00Z,46,bitcoin,US,2024-12-02 2025-03-01,web,0
2024-12-18T00:00:00Z,43,bitcoin,US,2024-12-02 2025-03-01,web,0
2024-12-19T00:00:00Z,48,bitcoin,US,2024-12-02 2025-03-01,web,0
2024-12-20T00:00:00Z,46,bitcoin,US,2024-12-02 2025-03-01,web,0
2024-12-21T00:00:00Z,30,bitcoin,US,2024-12-02 2025-03-01,web,0
2024-12-22T00:00:00Z,29,bitcoin,US,2024-12-02 2025-03-01,web,0
2024-12-23T00:00:00Z,34,bitcoin,US,2024-12-02 2025-03-01,web,0
2024-12-24T00:00:00Z,34,bitcoin,US,2024-12-02 2025-03-01,web,0
2024-12-25T00:00:00Z,30,bitcoin,US,2024-12-02 2025-03-01,web,0
2024-12-26T00:00:00Z,34,bitcoin,US,2024-12-02 2025-03-01,web,0
2024-12-27T00:00:00Z,33,bitcoin,US,2024-12-02 2025-03-01,web,0
2024-12-28T00:00:00Z,26,bitcoin,US,2024-12-02 2025-03-01,web,0
2024-12-29T00:00:00Z,26,bitcoin,US,2024-12-02 2025-03-01,web,0
2024-12-30T00:00:00Z,34,bitcoin,US,2024-12-02 2025-03-01,web,0
2024-12-31T00:00:00Z,30,bitcoin,US,2024-12-02 2025-03-01,web,0
2025-01-01T00:00:00Z,24,bitcoin,US,2024-12-02 2025-03-01,web,0
2025-01-02T00:00:00Z,30,bitcoin,US,2024-12-02 2025-03-01,web,0
2025-01-03T00:00:00Z,29,bitcoin,US,2024-12-02 2025-03-01,web,0
2025-01-04T00:00:00Z,23,bitcoin,US,2024-12-02 2025-03-01,web,0
2025-01-05T00:00:00Z,24,bitcoin,US,2024-12-02 2025-03-01,web,0
2025-01-06T00:00:00Z,30,bitcoin,US,2024-12-02 2025-03-01,web,0
2025-01-07T00:00:00Z,32,bitcoin,US,2024-12-02 2025-03-01,web,0
2025-01-08T00:00:00Z,29,bitcoin,US,2024-12-02 2025-03-01,web,0
2025-01-09T00:00:00Z,30,bitcoin,US,2024-12-02 2025-03-01,web,0
2025-01-10T00:00:00Z,29,bitcoin,US,2024-12-02 2025-03-01,web,0
2025-01-11T00:00:00Z,21,bitcoin,US,2024-12-02 2025-03-01,web,0
2025-01-12T00:00:00Z,20,bitcoin,US,2024-12-02 2025-03-01,web,0
2025-01-13T00:00:00Z,29,bitcoin,US,2024-12-02 2025-03-01,web,0
2025-01-14T00:00:00Z,27,bitcoin,US,2024-12-02 2025-03-01,web,0
2025-01-15T00:00:00Z,30,bitcoin,US,2024-12-02 2025-03-01,web,0
2025-01-16T00:00:00Z,31,bitcoin,US,2024-12-02 2025-03-01,web,0
2025-01-17T00:00:00Z,35,bitcoin,US,2024-12-02 2025-03-01,web,0
2025-01-18T00:00:00Z,30,bitcoin,US,2024-12-02 2025-03-01,web,0
2025-01-19T00:00:00Z,32,bitcoin,US,2024-12-02 2025-03-01,web,0
2025-01-20T00:00:00Z,51,bitcoin,US,2024-12-02 2025-03-01,web,0
2025-01-21T00:00:00Z,45,bitcoin,US,2024-12-02 2025-03-01,web,0
2025-01-22T00:00:00Z,39,bitcoin,US,2024-12-02 2025-03-01,web,0
2025-01-23T00:00:00Z,43,bitcoin,US,2024-12-02 2025-03-01,web,0
2025-01-24T00:00:00Z,38,bitcoin,US,2024-12-02 2025-03-01,web,0
2025-01-25T00:00:00Z,29,bitcoin,US,2024-12-02 2025-03-01,web,0
2025-01-26T00:00:00Z,26,bitcoin,US,2024-12-02 2025-03-01,web,0
2025-01-27T00:00:00Z,36,bitcoin,US,2024-12-02 2025-03-01,web,0
2025-01-28T00:00:00Z,31,bitcoin,US,2024-12-02 2025-03-01,web,0
2025-01-29T00:00:00Z,28,bitcoin,US,2024-12-02 2025-03-01,web,0
2025-01-30T00:00:00Z,30,bitcoin,US,2024-12-02 2025-03-01,web,0
2025-01-31T00:00:00Z,26,bitcoin,US,2024-12-02 2025-03-01,web,0
2025-02-01T00:00:00Z,22,bitcoin,US,2024-12-02 2025-03-01,web,0
2025-02-02T00:00:00Z,31,bitcoin,US,2024-12-02 2025-03-01,web,0
2025-02-03T00:00:00Z,47,bitcoin,US,2024-12-02 2025-03-01,web,0
2025-02-04T00:00:00Z,32,bitcoin,US,2024-12-02 2025-03-01,web,0
2025-02-05T00:00:00Z,29,bitcoin,US,2024-12-02 2025-03-01,web,0
2025-02-06T00:00:00Z,28,bitcoin,US,2024-12-02 2025-03-01,web,0
2025-02-07T00:00:00Z,26,bitcoin,US,2024-12-02 2025-03-01,web,0
2025-02-08T00:00:00Z,21,bitcoin,US,2024-12-02 2025-03-01,web,0
2025-02-09T00:00:00Z,21,bitcoin,US,2024-12-02 2025-03-01,web,0
2025-02-10T00:00:00Z,21,bitcoin,US,2024-12-02 2025-03-01,web,0
2025-02-11T00:00:00Z,22,bitcoin,US,2024-12-02 2025-03-01,web,0
2025-02-12T00:00:00Z,22,bitcoin,US,2024-12-02 2025-03-01,web,0
2025-02-13T00:00:00Z,21,bitcoin,US,2024-12-02 2025-03-01,web,0
2025-02-14T00:00:00Z,23,bitcoin,US,2024-12-02 2025-03-01,web,0
2025-02-15T00:00:00Z,17,bitcoin,US,2024-12-02 2025-03-01,web,0
2025-02-16T00:00:00Z,17,bitcoin,US,2024-12-02 2025-03-01,web,0
2025-02-17T00:00:00Z,20,bitcoin,US,2024-12-02 2025-03-01,web,0
2025-02-18T00:00:00Z,23,bitcoin,US,2024-12-02 2025-03-01,web,0
2025-02-19T00:00:00Z,21,bitcoin,US,2024-12-02 2025-03-01,web,0
2025-02-20T00:00:00Z,24,bitcoin,US,2024-12-02 2025-03-01,web,0
2025-02-21T00:00:00Z,23,bitcoin,US,2024-12-02 2025-03-01,web,0
2025-02-22T00:00:00Z,17,bitcoin,US,2024-12-02 2025-03-01,web,0
2025-02-23T00:00:00Z,16,bitcoin,US,2024-12-02 2025-03-01,web,0
2025-02-24T00:00:00Z,23,bitcoin,US,2024-12-02 2025-03-01,web,0
2025-02-25T00:00:00Z,43,bitcoin,US,2024-12-02 2025-03-01,web,0
2025-02-26T00:00:00Z,37,bitcoin,US,2024-12-02 2025-03-01,web,0
2025-02-27T00:00:00Z,36,bitcoin,US,2024-12-02 2025-03-01,web,0
2025-02-28T00:00:00Z,42,bitcoin,US,2024-12-02 2025-03-01,web,0
2025-03-01T00:00:00Z,26,bitcoin,US,2024-12-02 2025-03-01,web,0
2025-03-02T00:00:00Z,74,bitcoin,US,2025-03-02 2025-05-30,web,0
2025-03-03T00:00:00Z,95,bitcoin,US,2025-03-02 2025-05-30,web,0
2025-03-04T00:00:00Z,89,bitcoin,US,2025-03-02 2025-05-30,web,0
2025-03-05T00:00:00Z,68,bitcoin,US,2025-03-02 2025-05-30,web,0
2025-03-06T00:00:00Z,66,bitcoin,US,2025-03-02 2025-05-30,web,0
2025-03-07T00:00:00Z,91,bitcoin,US,2025-03-02 2025-05-30,web,0
2025-03-08T00:00:00Z,59,bitcoin,US,2025-03-02 2025-05-30,web,0
2025-03-09T00:00:00Z,58,bitcoin,US,2025-03-02 2025-05-30,web,0
2025-03-10T00:00:00Z,90,bitcoin,US,2025-03-02 2025-05-30,web,0
2025-03-11T00:00:00Z,91,bitcoin,US,2025-03-02 2025-05-30,web,0
2025-03-12T00:00:00Z,68,bitcoin,US,2025-03-02 2025-05-30,web,0
2025-03-13T00:00:00Z,62,bitcoin,US,2025-03-02 2025-05-30,web,0
2025-03-14T00:00:00Z,55,bitcoin,US,2025-03-02 2025-05-30,web,0
2025-03-15T00:00:00Z,42,bitcoin,US,2025-03-02 2025-05-30,web,0
2025-03-16T00:00:00Z,52,bitcoin,US,2025-03-02 2025-05-30,web,0
2025-03-17T00:00:00Z,50,bitcoin,US,2025-03-02 2025-05-30,web,0
2025-03-18T00:00:00Z,49,bitcoin,US,2025-03-02 2025-05-30,web,0
2025-03-19T00:00:00Z,51,bitcoin,US,2025-03-02 2025-05-30,web,0
2025-03-20T00:00:00Z,47,bitcoin,US,2025-03-02 2025-05-30,web,0
2025-03-21T00:00:00Z,37,bitcoin,US,2025-03-02 2025-05-30,web,0
2025-03-22T00:00:00Z,33,bitcoin,US,2025-03-02 2025-05-30,web,0
2025-03-23T00:00:00Z,33,bitcoin,US,2025-03-02 2025-05-30,web,0
2025-03-24T00:00:00Z,48,bitcoin,US,2025-03-02 2025-05-30,web,0
2025-03-25T00:00:00Z,47,bitcoin,US,2025-03-02 2025-05-30,web,0
2025-03-26T00:00:00Z,47,bitcoin,US,2025-03-02 2025-05-30,web,0
2025-03-27T00:00:00Z,39,bitcoin,US,2025-03-02 2025-05-30,web,0
2025-03-28T00:00:00Z,44,bitcoin,US,2025-03-02 2025-05-30,web,0
2025-03-29T00:00:00Z,33,bitcoin,US,2025-03-02 2025-05-30,web,0
2025-03-30T00:00:00Z,35,bitcoin,US,2025-03-02 2025-05-30,web,0
2025-03-31T00:00:00Z,49,bitcoin,US,2025-03-02 2025-05-30,web,0
2025-04-01T00:00:00Z,40,bitcoin,US,2025-03-02 2025-05-30,web,0
2025-04-02T00:00:00Z,44,bitcoin,US,2025-03-02 2025-05-30,web,0
2025-04-03T00:00:00Z,64,bitcoin,US,2025-03-02 2025-05-30,web,0
2025-04-04T00:00:00Z,66,bitcoin,US,2025-03-02 2025-05-30,web,0
2025-04-05T00:00:00Z,44,bitcoin,US,2025-03-02 2025-05-30,web,0
2025-04-06T00:00:00Z,57,bitcoin,US,2025-03-02 2025-05-30,web,0
2025-04-07T00:00:00Z,85,bitcoin,US,2025-03-02 2025-05-30,web,0
2025-04-08T00:00:00Z,65,bitcoin,US,2025-03-02 2025-05-30,web,0
2025-04-09T00:00:00Z,73,bitcoin,US,2025-03-02 2025-05-30,web,0
2025-04-10T00:00:00Z,56,bitcoin,US,2025-03-02 2025-05-30,web,0
2025-04-11T00:00:00Z,53,bitcoin,US,2025-03-02 2025-05-30,web,0
2025-04-12T00:00:00Z,39,bitcoin,US,2025-03-02 2025-05-30,web,0
2025-04-13T00:00:00Z,39,bitcoin,US,2025-03-02 2025-05-30,web,0
2025-04-14T00:00:00Z,47,bitcoin,US,2025-03-02 2025-05-30,web,0
2025-04-15T00:00:00Z,42,bitcoin,US,2025-03-02 2025-05-30,web,0
2025-04-16T00:00:00Z,40,bitcoin,US,2025-03-02 2025-05-30,web,0
2025-04-17T00:00:00Z,38,bitcoin,US,2025-03-02 2025-05-30,web,0
2025-04-18T00:00:00Z,32,bitcoin,US,2025-03-02 2025-05-30,web,0
2025-04-19T00:00:00Z,29,bitcoin,US,2025-03-02 2025-05-30,web,0
2025-04-20T00:00:00Z,32,bitcoin,US,2025-03-02 2025-05-30,web,0
2025-04-21T00:00:00Z,54,bitcoin,US,2025-03-02 2025-05-30,web,0
2025-04-22T00:00:00Z,56,bitcoin,US,2025-03-02 2025-05-30,web,0
2025-04-23T00:00:00Z,58,bitcoin,US,2025-03-02 2025-05-30,web,0
2025-04-24T00:00:00Z,48,bitcoin,US,2025-03-02 2025-05-30,web,0
2025-04-25T00:00:00Z,43,bitcoin,US,2025-03-02 2025-05-30,web,0
2025-04-26T00:00:00Z,32,bitcoin,US,2025-03-02 2025-05-30,web,0
2025-04-27T00:00:00Z,34,bitcoin,US,2025-03-02 2025-05-30,web,0
2025-04-28T00:00:00Z,44,bitcoin,US,2025-03-02 2025-05-30,web,0
2025-04-29T00:00:00Z,43,bitcoin,US,2025-03-02 2025-05-30,web,0
2025-04-30T00:00:00Z,37,bitcoin,US,2025-03-02 2025-05-30,web,0
2025-05-01T00:00:00Z,45,bitcoin,US,2025-03-02 2025-05-30,web,0
2025-05-02T00:00:00Z,42,bitcoin,US,2025-03-02 2025-05-30,web,0
2025-05-03T00:00:00Z,32,bitcoin,US,2025-03-02 2025-05-30,web,0
2025-05-04T00:00:00Z,33,bitcoin,US,2025-03-02 2025-05-30,web,0
2025-05-05T00:00:00Z,39,bitcoin,US,2025-03-02 2025-05-30,web,0
2025-05-06T00:00:00Z,39,bitcoin,US,2025-03-02 2025-05-30,web,0
2025-05-07T00:00:00Z,39,bitcoin,US,2025-03-02 2025-05-30,web,0
2025-05-08T00:00:00Z,66,bitcoin,US,2025-03-02 2025-05-30,web,0
2025-05-09T00:00:00Z,63,bitcoin,US,2025-03-02 2025-05-30,web,0
2025-05-10T00:00:00Z,46,bitcoin,US,2025-03-02 2025-05-30,web,0
2025-05-11T00:00:00Z,51,bitcoin,US,2025-03-02 2025-05-30,web,0
2025-05-12T00:00:00Z,66,bitcoin,US,2025-03-02 2025-05-30,web,0
2025-05-13T00:00:00Z,59,bitcoin,US,2025-03-02 2025-05-30,web,0
2025-05-14T00:00:00Z,48,bitcoin,US,2025-03-02 2025-05-30,web,0
2025-05-15T00:00:00Z,42,bitcoin,US,2025-03-02 2025-05-30,web,0
2025-05-16T00:00:00Z,41,bitcoin,US,2025-03-02 2025-05-30,web,0
2025-05-17T00:00:00Z,28,bitcoin,US,2025-03-02 2025-05-30,web,0
2025-05-18T00:00:00Z,38,bitcoin,US,2025-03-02 2025-05-30,web,0
2025-05-19T00:00:00Z,53,bitcoin,US,2025-03-02 2025-05-30,web,0
2025-05-20T00:00:00Z,54,bitcoin,US,2025-03-02 2025-05-30,web,0
2025-05-21T00:00:00Z,75,bitcoin,US,2025-03-02 2025-05-30,web,0
2025-05-22T00:00:00Z,100,bitcoin,US,2025-03-02 2025-05-30,web,0
2025-05-23T00:00:00Z,65,bitcoin,US,2025-03-02 2025-05-30,web,0
2025-05-24T00:00:00Z,47,bitcoin,US,2025-03-02 2025-05-30,web,0
2025-05-25T00:00:00Z,44,bitcoin,US,2025-03-02 2025-05-30,web,0
2025-05-26T00:00:00Z,52,bitcoin,US,2025-03-02 2025-05-30,web,0
2025-05-27T00:00:00Z,68,bitcoin,US,2025-03-02 2025-05-30,web,0
2025-05-28T00:00:00Z,74,bitcoin,US,2025-03-02 2025-05-30,web,0
2025-05-29T00:00:00Z,59,bitcoin,US,2025-03-02 2025-05-30,web,0
2025-05-30T00:00:00Z,53,bitcoin,US,2025-03-02 2025-05-30,web,0
2025-05-31T00:00:00Z,36,bitcoin,US,2025-05-31 2025-08-28,web,0
2025-06-01T00:00:00Z,32,bitcoin,US,2025-05-31 2025-08-28,web,0
2025-06-02T00:00:00Z,39,bitcoin,US,2025-05-31 2025-08-28,web,0
2025-06-03T00:00:00Z,45,bitcoin,US,2025-05-31 2025-08-28,web,0
2025-06-04T00:00:00Z,37,bitcoin,US,2025-05-31 2025-08-28,web,0
2025-06-05T00:00:00Z,44,bitcoin,US,2025-05-31 2025-08-28,web,0
2025-06-06T00:00:00Z,42,bitcoin,US,2025-05-31 2025-08-28,web,0
2025-06-07T00:00:00Z,32,bitcoin,US,2025-05-31 2025-08-28,web,0
2025-06-08T00:00:00Z,33,bitcoin,US,2025-05-31 2025-08-28,web,0
2025-06-09T00:00:00Z,48,bitcoin,US,2025-05-31 2025-08-28,web,0
2025-06-10T00:00:00Z,44,bitcoin,US,2025-05-31 2025-08-28,web,0
2025-06-11T00:00:00Z,44,bitcoin,US,2025-05-31 2025-08-28,web,0
2025-06-12T00:00:00Z,42,bitcoin,US,2025-05-31 2025-08-28,web,0
2025-06-13T00:00:00Z,46,bitcoin,US,2025-05-31 2025-08-28,web,0
2025-06-14T00:00:00Z,32,bitcoin,US,2025-05-31 2025-08-28,web,0
2025-06-15T00:00:00Z,33,bitcoin,US,2025-05-31 2025-08-28,web,0
2025-06-16T00:00:00Z,42,bitcoin,US,2025-05-31 2025-08-28,web,0
2025-06-17T00:00:00Z,42,bitcoin,US,2025-05-31 2025-08-28,web,0
2025-06-18T00:00:00Z,38,bitcoin,US,2025-05-31 2025-08-28,web,0
2025-06-19T00:00:00Z,34,bitcoin,US,2025-05-31 2025-08-28,web,0
2025-06-20T00:00:00Z,35,bitcoin,US,2025-05-31 2025-08-28,web,0
2025-06-21T00:00:00Z,31,bitcoin,US,2025-05-31 2025-08-28,web,0
2025-06-22T00:00:00Z,51,bitcoin,US,2025-05-31 2025-08-28,web,0
2025-06-23T00:00:00Z,48,bitcoin,US,2025-05-31 2025-08-28,web,0
2025-06-24T00:00:00Z,41,bitcoin,US,2025-05-31 2025-08-28,web,0
2025-06-25T00:00:00Z,42,bitcoin,US,2025-05-31 2025-08-28,web,0
2025-06-26T00:00:00Z,39,bitcoin,US,2025-05-31 2025-08-28,web,0
2025-06-27T00:00:00Z,40,bitcoin,US,2025-05-31 2025-08-28,web,0
2025-06-28T00:00:00Z,29,bitcoin,US,2025-05-31 2025-08-28,web,0
2025-06-29T00:00:00Z,34,bitcoin,US,2025-05-31 2025-08-28,web,0
2025-06-30T00:00:00Z,43,bitcoin,US,2025-05-31 2025-08-28,web,0
2025-07-01T00:00:00Z,38,bitcoin,US,2025-05-31 2025-08-28,web,0
2025-07-02T00:00:00Z,43,bitcoin,US,2025-05-31 2025-08-28,web,0
2025-07-03T00:00:00Z,44,bitcoin,US,2025-05-31 2025-08-28,web,0
2025-07-04T00:00:00Z,37,bitcoin,US,2025-05-31 2025-08-28,web,0
2025-07-05T00:00:00Z,35,bitcoin,US,2025-05-31 2025-08-28,web,0
2025-07-06T00:00:00Z,34,bitcoin,US,2025-05-31 2025-08-28,web,0
2025-07-07T00:00:00Z,42,bitcoin,US,2025-05-31 2025-08-28,web,0
2025-07-08T00:00:00Z,40,bitcoin,US,2025-05-31 2025-08-28,web,0
2025-07-09T00:00:00Z,48,bitcoin,US,2025-05-31 2025-08-28,web,0
2025-07-10T00:00:00Z,68,bitcoin,US,2025-05-31 2025-08-28,web,0
2025-07-11T00:00:00Z,93,bitcoin,US,2025-05-31 2025-08-28,web,0
2025-07-12T00:00:00Z,55,bitcoin,US,2025-05-31 2025-08-28,web,0
2025-07-13T00:00:00Z,56,bitcoin,US,2025-05-31 2025-08-28,web,0
2025-07-14T00:00:00Z,100,bitcoin,US,2025-05-31 2025-08-28,web,0
2025-07-15T00:00:00Z,75,bitcoin,US,2025-05-31 2025-08-28,web,0
2025-07-16T00:00:00Z,70,bitcoin,US,2025-05-31 2025-08-28,web,0
2025-07-17T00:00:00Z,85,bitcoin,US,2025-05-31 2025-08-28,web,0
2025-07-18T00:00:00Z,77,bitcoin,US,2025-05-31 2025-08-28,web,0
2025-07-19T00:00:00Z,76,bitcoin,US,2025-05-31 2025-08-28,web,0
2025-07-20T00:00:00Z,75,bitcoin,US,2025-05-31 2025-08-28,web,0
2025-07-21T00:00:00Z,80,bitcoin,US,2025-05-31 2025-08-28,web,0
2025-07-22T00:00:00Z,67,bitcoin,US,2025-05-31 2025-08-28,web,0
2025-07-23T00:00:00Z,62,bitcoin,US,2025-05-31 2025-08-28,web,0
2025-07-24T00:00:00Z,59,bitcoin,US,2025-05-31 2025-08-28,web,0
2025-07-25T00:00:00Z,65,bitcoin,US,2025-05-31 2025-08-28,web,0
2025-07-26T00:00:00Z,53,bitcoin,US,2025-05-31 2025-08-28,web,0
2025-07-27T00:00:00Z,60,bitcoin,US,2025-05-31 2025-08-28,web,0
2025-07-28T00:00:00Z,62,bitcoin,US,2025-05-31 2025-08-28,web,0
2025-07-29T00:00:00Z,69,bitcoin,US,2025-05-31 2025-08-28,web,0
2025-07-30T00:00:00Z,82,bitcoin,US,2025-05-31 2025-08-28,web,0
2025-07-31T00:00:00Z,78,bitcoin,US,2025-05-31 2025-08-28,web,0
2025-08-01T00:00:00Z,75,bitcoin,US,2025-05-31 2025-08-28,web,0
2025-08-02T00:00:00Z,40,bitcoin,US,2025-05-31 2025-08-28,web,0
2025-08-03T00:00:00Z,39,bitcoin,US,2025-05-31 2025-08-28,web,0
2025-08-04T00:00:00Z,51,bitcoin,US,2025-05-31 2025-08-28,web,0
2025-08-05T00:00:00Z,53,bitcoin,US,2025-05-31 2025-08-28,web,0
2025-08-06T00:00:00Z,54,bitcoin,US,2025-05-31 2025-08-28,web,0
2025-08-07T00:00:00Z,53,bitcoin,US,2025-05-31 2025-08-28,web,0
2025-08-08T00:00:00Z,54,bitcoin,US,2025-05-31 2025-08-28,web,0
2025-08-09T00:00:00Z,48,bitcoin,US,2025-05-31 2025-08-28,web,0
2025-08-10T00:00:00Z,55,bitcoin,US,2025-05-31 2025-08-28,web,0
2025-08-11T00:00:00Z,63,bitcoin,US,2025-05-31 2025-08-28,web,0
2025-08-12T00:00:00Z,49,bitcoin,US,2025-05-31 2025-08-28,web,0
2025-08-13T00:00:00Z,56,bitcoin,US,2025-05-31 2025-08-28,web,0
2025-08-14T00:00:00Z,62,bitcoin,US,2025-05-31 2025-08-28,web,0
2025-08-15T00:00:00Z,51,bitcoin,US,2025-05-31 2025-08-28,web,0
2025-08-16T00:00:00Z,35,bitcoin,US,2025-05-31 2025-08-28,web,0
2025-08-17T00:00:00Z,35,bitcoin,US,2025-05-31 2025-08-28,web,0
2025-08-18T00:00:00Z,46,bitcoin,US,2025-05-31 2025-08-28,web,0
2025-08-19T00:00:00Z,48,bitcoin,US,2025-05-31 2025-08-28,web,0
2025-08-20T00:00:00Z,46,bitcoin,US,2025-05-31 2025-08-28,web,0
2025-08-21T00:00:00Z,42,bitcoin,US,2025-05-31 2025-08-28,web,0
2025-08-22T00:00:00Z,46,bitcoin,US,2025-05-31 2025-08-28,web,0
2025-08-23T00:00:00Z,33,bitcoin,US,2025-05-31 2025-08-28,web,0
2025-08-24T00:00:00Z,35,bitcoin,US,2025-05-31 2025-08-28,web,0
2025-08-25T00:00:00Z,49,bitcoin,US,2025-05-31 2025-08-28,web,0
2025-08-26T00:00:00Z,45,bitcoin,US,2025-05-31 2025-08-28,web,0
2025-08-27T00:00:00Z,41,bitcoin,US,2025-05-31 2025-08-28,web,0
2025-08-28T00:00:00Z,38,bitcoin,US,2025-05-31 2025-08-28,web,0
2025-08-29T00:00:00Z,35,bitcoin,US,2025-08-29 2025-11-26,web,0
2025-08-30T00:00:00Z,26,bitcoin,US,2025-08-29 2025-11-26,web,0
2025-08-31T00:00:00Z,25,bitcoin,US,2025-08-29 2025-11-26,web,0
2025-09-01T00:00:00Z,28,bitcoin,US,2025-08-29 2025-11-26,web,0
2025-09-02T00:00:00Z,34,bitcoin,US,2025-08-29 2025-11-26,web,0
2025-09-03T00:00:00Z,32,bitcoin,US,2025-08-29 2025-11-26,web,0
2025-09-04T00:00:00Z,32,bitcoin,US,2025-08-29 2025-11-26,web,0
2025-09-05T00:00:00Z,30,bitcoin,US,2025-08-29 2025-11-26,web,0
2025-09-06T00:00:00Z,22,bitcoin,US,2025-08-29 2025-11-26,web,0
2025-09-07T00:00:00Z,23,bitcoin,US,2025-08-29 2025-11-26,web,0
2025-09-08T00:00:00Z,30,bitcoin,US,2025-08-29 2025-11-26,web,0
2025-09-09T00:00:00Z,28,bitcoin,US,2025-08-29 2025-11-26,web,0
2025-09-10T00:00:00Z,28,bitcoin,US,2025-08-29 2025-11-26,web,0
2025-09-11T00:00:00Z,23,bitcoin,US,2025-08-29 2025-11-26,web,0
2025-09-12T00:00:00Z,25,bitcoin,US,2025-08-29 2025-11-26,web,0
2025-09-13T00:00:00Z,22,bitcoin,US,2025-08-29 2025-11-26,web,0
2025-09-14T00:00:00Z,23,bitcoin,US,2025-08-29 2025-11-26,web,0
2025-09-15T00:00:00Z,26,bitcoin,US,2025-08-29 2025-11-26,web,0
2025-09-16T00:00:00Z,29,bitcoin,US,2025-08-29 2025-11-26,web,0
2025-09-17T00:00:00Z,33,bitcoin,US,2025-08-29 2025-11-26,web,0
2025-09-18T00:00:00Z,34,bitcoin,US,2025-08-29 2025-11-26,web,0
2025-09-19T00:00:00Z,35,bitcoin,US,2025-08-29 2025-11-26,web,0
2025-09-20T00:00:00Z,26,bitcoin,US,2025-08-29 2025-11-26,web,0
2025-09-21T00:00:00Z,23,bitcoin,US,2025-08-29 2025-11-26,web,0
2025-09-22T00:00:00Z,37,bitcoin,US,2025-08-29 2025-11-26,web,0
2025-09-23T00:00:00Z,34,bitcoin,US,2025-08-29 2025-11-26,web,0
2025-09-24T00:00:00Z,31,bitcoin,US,2025-08-29 2025-11-26,web,0
2025-09-25T00:00:00Z,38,bitcoin,US,2025-08-29 2025-11-26,web,0
2025-09-26T00:00:00Z,35,bitcoin,US,2025-08-29 2025-11-26,web,0
2025-09-27T00:00:00Z,26,bitcoin,US,2025-08-29 2025-11-26,web,0
2025-09-28T00:00:00Z,24,bitcoin,US,2025-08-29 2025-11-26,web,0
2025-09-29T00:00:00Z,34,bitcoin,US,2025-08-29 2025-11-26,web,0
2025-09-30T00:00:00Z,30,bitcoin,US,2025-08-29 2025-11-26,web,0
2025-10-01T00:00:00Z,42,bitcoin,US,2025-08-29 2025-11-26,web,0
2025-10-02T00:00:00Z,42,bitcoin,US,2025-08-29 2025-11-26,web,0
2025-10-03T00:00:00Z,42,bitcoin,US,2025-08-29 2025-11-26,web,0
2025-10-04T00:00:00Z,28,bitcoin,US,2025-08-29 2025-11-26,web,0
2025-10-05T00:00:00Z,37,bitcoin,US,2025-08-29 2025-11-26,web,0
2025-10-06T00:00:00Z,44,bitcoin,US,2025-08-29 2025-11-26,web,0
2025-10-07T00:00:00Z,45,bitcoin,US,2025-08-29 2025-11-26,web,0
2025-10-08T00:00:00Z,40,bitcoin,US,2025-08-29 2025-11-26,web,0
2025-10-09T00:00:00Z,38,bitcoin,US,2025-08-29 2025-11-26,web,0
2025-10-10T00:00:00Z,45,bitcoin,US,2025-08-29 2025-11-26,web,0
2025-10-11T00:00:00Z,64,bitcoin,US,2025-08-29 2025-11-26,web,0
2025-10-12T00:00:00Z,62,bitcoin,US,2025-08-29 2025-11-26,web,0
2025-10-13T00:00:00Z,54,bitcoin,US,2025-08-29 2025-11-26,web,0
2025-10-14T00:00:00Z,48,bitcoin,US,2025-08-29 2025-11-26,web,0
2025-10-15T00:00:00Z,43,bitcoin,US,2025-08-29 2025-11-26,web,0
2025-10-16T00:00:00Z,46,bitcoin,US,2025-08-29 2025-11-26,web,0
2025-10-17T00:00:00Z,53,bitcoin,US,2025-08-29 2025-11-26,web,0
2025-10-18T00:00:00Z,37,bitcoin,US,2025-08-29 2025-11-26,web,0
2025-10-19T00:00:00Z,34,bitcoin,US,2025-08-29 2025-11-26,web,0
2025-10-20T00:00:00Z,41,bitcoin,US,2025-08-29 2025-11-26,web,0
2025-10-21T00:00:00Z,41,bitcoin,US,2025-08-29 2025-11-26,web,0
2025-10-22T00:00:00Z,40,bitcoin,US,2025-08-29 2025-11-26,web,0
2025-10-23T00:00:00Z,35,bitcoin,US,2025-08-29 2025-11-26,web,0
2025-10-24T00:00:00Z,35,bitcoin,US,2025-08-29 2025-11-26,web,0
2025-10-25T00:00:00Z,26,bitcoin,US,2025-08-29 2025-11-26,web,0
2025-10-26T00:00:00Z,29,bitcoin,US,2025-08-29 2025-11-26,web,0
2025-10-27T00:00:00Z,36,bitcoin,US,2025-08-29 2025-11-26,web,0
2025-10-28T00:00:00Z,34,bitcoin,US,2025-08-29 2025-11-26,web,0
2025-10-29T00:00:00Z,37,bitcoin,US,2025-08-29 2025-11-26,web,0
2025-10-30T00:00:00Z,44,bitcoin,US,2025-08-29 2025-11-26,web,0
2025-10-31T00:00:00Z,41,bitcoin,US,2025-08-29 2025-11-26,web,0
2025-11-01T00:00:00Z,36,bitcoin,US,2025-08-29 2025-11-26,web,0
2025-11-02T00:00:00Z,30,bitcoin,US,2025-08-29 2025-11-26,web,0
2025-11-03T00:00:00Z,44,bitcoin,US,2025-08-29 2025-11-26,web,0
2025-11-04T00:00:00Z,67,bitcoin,US,2025-08-29 2025-11-26,web,0
2025-11-05T00:00:00Z,57,bitcoin,US,2025-08-29 2025-11-26,web,0
2025-11-06T00:00:00Z,50,bitcoin,US,2025-08-29 2025-11-26,web,0
2025-11-07T00:00:00Z,47,bitcoin,US,2025-08-29 2025-11-26,web,0
2025-11-08T00:00:00Z,36,bitcoin,US,2025-08-29 2025-11-26,web,0
2025-11-09T00:00:00Z,36,bitcoin,US,2025-08-29 2025-11-26,web,0
2025-11-10T00:00:00Z,43,bitcoin,US,2025-08-29 2025-11-26,web,0
2025-11-11T00:00:00Z,42,bitcoin,US,2025-08-29 2025-11-26,web,0
2025-11-12T00:00:00Z,42,bitcoin,US,2025-08-29 2025-11-26,web,0
2025-11-13T00:00:00Z,52,bitcoin,US,2025-08-29 2025-11-26,web,0
2025-11-14T00:00:00Z,68,bitcoin,US,2025-08-29 2025-11-26,web,0
2025-11-15T00:00:00Z,48,bitcoin,US,2025-08-29 2025-11-26,web,0
2025-11-16T00:00:00Z,50,bitcoin,US,2025-08-29 2025-11-26,web,0
2025-11-17T00:00:00Z,63,bitcoin,US,2025-08-29 2025-11-26,web,0
2025-11-18T00:00:00Z,81,bitcoin,US,2025-08-29 2025-11-26,web,0
2025-11-19T00:00:00Z,71,bitcoin,US,2025-08-29 2025-11-26,web,0
2025-11-20T00:00:00Z,77,bitcoin,US,2025-08-29 2025-11-26,web,0
2025-11-21T00:00:00Z,100,bitcoin,US,2025-08-29 2025-11-26,web,0
2025-11-22T00:00:00Z,65,bitcoin,US,2025-08-29 2025-11-26,web,0
2025-11-23T00:00:00Z,53,bitcoin,US,2025-08-29 2025-11-26,web,0
2025-11-24T00:00:00Z,63,bitcoin,US,2025-08-29 2025-11-26,web,0
2025-11-25T00:00:00Z,55,bitcoin,US,2025-08-29 2025-11-26,web,0
2025-11-26T00:00:00Z,50,bitcoin,US,2025-08-29 2025-11-26,web,0
